{"template": {"weights": {"wto": null, "wpl": null, "wf": null, "we": null}, "velocities": {"loiter": null, "cruise": null}, "performance": {"range": null, "endurance": null, "bankangle": null, "Pa": null, "Pr": null, "RC": null}, "aerodynamics": {"CL": null, "Cd0": null, "oswald": null}, "wing": {"area": null, "span": null, "chord": null}}, "MT_3000L": {"weights": {"wto": 9831.698641742365, "wpl": 4000.0, "wf": 2240.6242937766965, "we": 3662.3245571045204}, "velocities": {"loiter": 44.0, "cruise": 80.0}, "performance": {"range": 500.0, "endurance": 6.0, "bankangle": 0.7853981633974483, "Pa": 2200000.0, "loadfactor": 1.414213562373095, "Pr": 726982.2355412252, "RC_max": 8.922916954209153, "RC_clean": 15.27772718791269}, "aerodynamics": {"CL_max": 2.1, "Cd0": 0.04, "oswald": 0.7, "CL_clean": 1.4849242404917495}, "wing": {"span": 16, "area": 54.75622392738057, "chord": 3.4222639954612855, "AR": 4.675267606829778}}}