{"template": {"weights": {"wto": null, "wpl": null, "wf": null, "we": null}, "velocities": {"loiter": null, "cruise": null}, "performance": {"range": null, "endurance": null, "bankangle": null, "Pa": null, "Pr": null, "RC": null}, "aerodynamics": {"CL": null, "Cd0": null, "oswald": null}, "wing": {"area": null, "span": null, "chord": null}}, "SE_3000L": {"weights": {"wto": 11018.784688864003, "wpl": 3000.0, "wf": 3084.185992442632, "we": 5058.921081742836}, "velocities": {"loiter": 44.0, "cruise": 80.0}, "performance": {"range": 1200.0, "endurance": 6.0, "bankangle": 0.7853981633974483, "Pa": 1591000.0, "loadfactor": 1.414213562373095, "Pr": 897669.2736353549, "RC_max": -0.7057735070241875, "RC_clean": 6.416320879237375}, "aerodynamics": {"CL_max": 2.1, "Cd0": 0.04, "oswald": 0.7, "CL_clean": 1.4849242404917502}, "wing": {"span": 16, "area": 61.36752801488483, "chord": 3.835470500930302, "AR": 4.1715872918639745}}, "TW_2000L": {"weights": {"wto": 4873.61159003967, "wpl": 2000.0, "wf": 1468.55248541173, "we": 1462.1874136882393}, "velocities": {"loiter": 44.0, "cruise": 80.0}, "performance": {"range": 1200.0, "endurance": 6.0, "bankangle": 0.7853981633974483, "Pa": 1061000.0, "loadfactor": 1.414213562373095, "Pr": 190011.41029962726, "RC_max": 15.433477331674128, "RC_clean": 18.223881198317272}, "aerodynamics": {"CL_max": 2.1, "Cd0": 0.04, "oswald": 0.7, "CL_clean": 1.4849242404917502}, "wing": {"span": 17, "area": 27.142875029375045, "chord": 1.5966397076102967, "AR": 10.647361404686619}}, "TW_3000L": {"weights": {"wto": 7234.90379833035, "wpl": 3000.0, "wf": 2180.074418828751, "we": 2109.689778716615}, "velocities": {"loiter": 44.0, "cruise": 80.0}, "performance": {"range": 1200.0, "endurance": 6.0, "bankangle": 0.7853981633974483, "Pa": 1591000.0, "loadfactor": 1.414213562373095, "Pr": 377995.2485637142, "RC_max": 12.95420280504699, "RC_clean": 17.096573028991696}, "aerodynamics": {"CL_max": 2.1, "Cd0": 0.04, "oswald": 0.7, "CL_clean": 1.48492424049175}, "wing": {"span": 17, "area": 40.293750541994484, "chord": 2.3702206201173226, "AR": 7.172328118197927}}, "TBP_2000L": {"weights": {"wto": 9730.141262871573, "wpl": 2000.0, "wf": 2260.7943167075878, "we": 5581.589213426439}, "velocities": {"loiter": 44.0, "cruise": 80.0}, "performance": {"range": 1200.0, "endurance": 6.0, "bankangle": 0.7853981633974483, "Pa": 1061000.0, "loadfactor": 1.414213562373095, "Pr": 795891.4187349133, "RC_max": -4.377344348383599, "RC_clean": 2.7783308711779555}, "aerodynamics": {"CL_max": 2.1, "Cd0": 0.04, "oswald": 0.7, "CL_clean": 1.4849242404917498}, "wing": {"span": 15, "area": 54.19061479089656, "chord": 3.6127076527264372, "AR": 4.152010470229941}}, "TBP_3000L": {"weights": {"wto": 12778.412080380554, "wpl": 3000.0, "wf": 2536.305822866782, "we": 7397.325115093479}, "velocities": {"loiter": 44.0, "cruise": 80.0}, "performance": {"range": 1200.0, "endurance": 6.0, "bankangle": 0.7853981633974483, "Pa": 1591000.0, "loadfactor": 1.414213562373095, "Pr": 966320.2710972811, "RC_max": -1.5410430109408295, "RC_clean": 4.984939000822933}, "aerodynamics": {"CL_max": 2.1, "Cd0": 0.04, "oswald": 0.7, "CL_clean": 1.48492424049175}, "wing": {"span": 18, "area": 71.16751833085709, "chord": 3.9537510183809497, "AR": 4.552638726191452}}, "AMP_2000L": {"weights": {"wto": 11294.254306085602, "wpl": 2000.0, "wf": 2531.419266111214, "we": 6903.028619231162}, "velocities": {"loiter": 44.0, "cruise": 80.0}, "performance": {"range": 1200.0, "endurance": 6.0, "bankangle": 0.7853981633974483, "Pa": 1591000.0, "loadfactor": 1.414213562373095, "Pr": 847505.4660095747, "RC_max": 0.24616963333172698, "RC_clean": 6.712735608954685}, "aerodynamics": {"CL_max": 2.1, "Cd0": 0.04, "oswald": 0.7, "CL_clean": 1.4849242404917498}, "wing": {"span": 17, "area": 62.90171621525695, "chord": 3.700100953838644, "AR": 4.594469235322746}}, "AMP_3000L": {"weights": {"wto": 16357.44780346716, "wpl": 3000.0, "wf": 3537.4527157370912, "we": 9994.813565309089}, "velocities": {"loiter": 44.0, "cruise": 80.0}, "performance": {"range": 1200.0, "endurance": 6.0, "bankangle": 0.7853981633974483, "Pa": 1591000.0, "loadfactor": 1.414213562373095, "Pr": 1392830.788047336, "RC_max": -6.262222881950447, "RC_clean": 1.2353782862040272}, "aerodynamics": {"CL_max": 2.1, "Cd0": 0.04, "oswald": 0.7, "CL_clean": 1.48492424049175}, "wing": {"span": 19, "area": 91.10044026414107, "chord": 4.794760013902161, "AR": 3.962659224843469}}, "SE_2000L": {"weights": {"wto": 8397.90925648827, "wpl": 2000.0, "wf": 2521.2799213763064, "we": 3970.154034827343}, "velocities": {"loiter": 44.0, "cruise": 80.0}, "performance": {"range": 1200.0, "endurance": 6.0, "bankangle": 0.7853981633974483, "Pa": 1061000.0, "loadfactor": 1.414213562373095, "Pr": 493596.7354667704, "RC_max": 2.0814415030995796, "RC_clean": 6.889694690307788}, "aerodynamics": {"CL_max": 2.1, "Cd0": 0.04, "oswald": 0.7, "CL_clean": 1.48492424049175}, "wing": {"span": 17, "area": 46.77094127130423, "chord": 2.7512318394884843, "AR": 6.179050327928992}}, "TBP_4000L": {"weights": {"wto": 9357.952306239016, "wpl": 4000.0, "wf": 2819.8070083750513, "we": 2631.9362630025516}, "velocities": {"loiter": 44.0, "cruise": 80.0}, "performance": {"range": 1200.0, "endurance": 6.0, "bankangle": 0.7853981633974483, "Pa": 2122000.0, "loadfactor": 1.414213562373095, "Pr": 600468.2311268988, "RC_max": 11.221879649612067, "RC_clean": 16.57980894224552}, "aerodynamics": {"CL_max": 2.1, "Cd0": 0.04, "oswald": 0.7, "CL_clean": 1.48492424049175}, "wing": {"span": 17, "area": 52.117762215234336, "chord": 3.065750718543196, "AR": 5.545134474624921}}, "TE_5000L": {"weights": {"wto": 12585.405474490713, "wpl": 5500.0, "wf": 3792.3269320949903, "we": 3423.763053239318}, "velocities": {"loiter": 44.0, "cruise": 80.0}, "performance": {"range": 1200.0, "endurance": 6.0, "bankangle": 0.7853981633974483, "Pa": 2122000.0, "loadfactor": 1.414213562373095, "Pr": 1035630.8208247791, "RC_max": 1.5963466432970894, "RC_clean": 8.802165870061687}, "aerodynamics": {"CL_max": 2.1, "Cd0": 0.04, "oswald": 0.7, "CL_clean": 1.4849242404917502}, "wing": {"span": 17, "area": 70.09259594799458, "chord": 4.123093879293799, "AR": 4.1231173719749865}}}