{
  "3000L": {
    "weights": {
      "wto": 9943.276775641465,
      "wpl": 3000.0,
      "wf": 3511.9468164146897,
      "we": 3520.613227371317
    },
    "velocities": {
      "loiter": 44.0,
      "cruise": 80.0
    },
    "performance": {
      "range": 1200.0,
      "endurance": 6.0,
      "bankangle": 0.7853981633974483,
      "Pa": 1061000.0,
      "loadfactor": 1.414213562373095,
      "Pr": 670705.0970950848,
      "RC_max": -1.6904544589853465,
      "RC_clean": 4.002604466464859
    },
    "aerodynamics": {
      "CL_max": 2.1,
      "Cd0": 0.04,
      "oswald": 0.7,
      "CL_clean": 1.4849242404917498
    },
    "wing": {
      "span": 17,
      "area": 55.3776422099995,
      "chord": 3.2575083652940884,
      "AR": 5.218712615175506
    }
  },
  "3500L": {
    "weights": {
      "wto": 10111.367608930035,
      "wpl": 3500.0,
      "wf": 3116.798970210273,
      "we": 3582.8917436481206
    },
    "velocities": {
      "loiter": 44.0,
      "cruise": 80.0
    },
    "performance": {
      "range": 1200.0,
      "endurance": 6.0,
      "bankangle": 0.7853981633974483,
      "Pa": 1061000.0,
      "loadfactor": 1.414213562373095,
      "Pr": 691586.4773419962,
      "RC_max": -2.0638201317062705,
      "RC_clean": 3.7254798056691074
    },
    "aerodynamics": {
      "CL_max": 2.1,
      "Cd0": 0.04,
      "oswald": 0.7,
      "CL_clean": 1.48492424049175
    },
    "wing": {
      "span": 17,
      "area": 56.31379980016519,
      "chord": 3.3125764588332465,
      "AR": 5.1319570163182675
    }
  },
  "4000L": {
    "weights": {
      "wto": 10855.359471906946,
      "wpl": 4000.0,
      "wf": 3155.5865185582625,
      "we": 3780.6316590424112
    },
    "velocities": {
      "loiter": 44.0,
      "cruise": 80.0
    },
    "performance": {
      "range": 1200.0,
      "endurance": 6.0,
      "bankangle": 0.7853981633974483,
      "Pa": 1061000.0,
      "loadfactor": 1.414213562373095,
      "Pr": 787820.3038254386,
      "RC_max": -3.649116331191099,
      "RC_clean": 2.566158826582364
    },
    "aerodynamics": {
      "CL_max": 2.1,
      "Cd0": 0.04,
      "oswald": 0.7,
      "CL_clean": 1.4849242404917502
    },
    "wing": {
      "span": 17,
      "area": 60.457354900232126,
      "chord": 3.5563149941313017,
      "AR": 4.780228980856229
    }
  },
  "4500L": {
    "weights": {
      "wto": 11676.446061318204,
      "wpl": 4500.0,
      "wf": 3316.688828311775,
      "we": 3960.692454970321
    },
    "velocities": {
      "loiter": 44.0,
      "cruise": 80.0
    },
    "performance": {
      "range": 1200.0,
      "endurance": 6.0,
      "bankangle": 0.7853981633974483,
      "Pa": 1061000.0,
      "loadfactor": 1.414213562373095,
      "Pr": 901241.6002399954,
      "RC_max": -5.290204473641976,
      "RC_clean": 1.3951867677817582
    },
    "aerodynamics": {
      "CL_max": 2.1,
      "Cd0": 0.04,
      "oswald": 0.7,
      "CL_clean": 1.4849242404917498
    },
    "wing": {
      "span": 17,
      "area": 65.03027793132337,
      "chord": 3.8253104665484337,
      "AR": 4.4440837282781525
    }
  },
  "5000L": {
    "weights": {
      "wto": 14371.013109846353,
      "wpl": 5000.0,
      "wf": 4907.447655261773,
      "we": 4555.5387348154945
    },
    "velocities": {
      "loiter": 44.0,
      "cruise": 80.0
    },
    "performance": {
      "range": 1200.0,
      "endurance": 6.0,
      "bankangle": 0.7853981633974483,
      "Pa": 1061000.0,
      "loadfactor": 1.414213562373095,
      "Pr": 1326647.4958107562,
      "RC_max": -10.113115892518199,
      "RC_clean": -1.8849405838313271
    },
    "aerodynamics": {
      "CL_max": 2.1,
      "Cd0": 0.04,
      "oswald": 0.7,
      "CL_clean": 1.4849242404917498
    },
    "wing": {
      "span": 17,
      "area": 80.03727947530078,
      "chord": 4.7080752632529865,
      "AR": 3.610817382782037
    }
  },
  "5500L": {
    "weights": {
      "wto": 14298.672933663902,
      "wpl": 5500.0,
      "wf": 4473.406598167065,
      "we": 4486.389175271623
    },
    "velocities": {
      "loiter": 44.0,
      "cruise": 80.0
    },
    "performance": {
      "range": 1200.0,
      "endurance": 6.0,
      "bankangle": 0.7853981633974483,
      "Pa": 1061000.0,
      "loadfactor": 1.414213562373095,
      "Pr": 1314161.6695072462,
      "RC_max": -9.99219037403676,
      "RC_clean": -1.8054336937333504
    },
    "aerodynamics": {
      "CL_max": 2.1,
      "Cd0": 0.04,
      "oswald": 0.7,
      "CL_clean": 1.48492424049175
    },
    "wing": {
      "span": 17,
      "area": 79.63439132439926,
      "chord": 4.68437596025878,
      "AR": 3.6290853134386047
    }
  },
  "6000L": {
    "weights": {
      "wto": 14200.557212264019,
      "wpl": 6000.0,
      "wf": 3884.7122697677723,
      "we": 4481.678478771329
    },
    "velocities": {
      "loiter": 44.0,
      "cruise": 80.0
    },
    "performance": {
      "range": 1200.0,
      "endurance": 6.0,
      "bankangle": 0.7853981633974483,
      "Pa": 1591000.0,
      "loadfactor": 1.414213562373095,
      "Pr": 1297320.9202202125,
      "RC_max": -6.021724056183362,
      "RC_clean": 2.1088561144999103
    },
    "aerodynamics": {
      "CL_max": 2.1,
      "Cd0": 0.04,
      "oswald": 0.7,
      "CL_clean": 1.4849242404917498
    },
    "wing": {
      "span": 17,
      "area": 79.08795000153785,
      "chord": 4.652232353031638,
      "AR": 3.6541597044098433
    }
  },
  "6500L": {
    "weights": {
      "wto": 15709.884947298084,
      "wpl": 6500.0,
      "wf": 4498.756533798271,
      "we": 4841.275762245985
    },
    "velocities": {
      "loiter": 44.0,
      "cruise": 80.0
    },
    "performance": {
      "range": 1200.0,
      "endurance": 6.0,
      "bankangle": 0.7853981633974483,
      "Pa": 1591000.0,
      "loadfactor": 1.414213562373095,
      "Pr": 1568343.9891350335,
      "RC_max": -8.847692825216576,
      "RC_clean": 0.14705837552542916
    },
    "aerodynamics": {
      "CL_max": 2.1,
      "Cd0": 0.04,
      "oswald": 0.7,
      "CL_clean": 1.48492424049175
    },
    "wing": {
      "span": 17,
      "area": 87.49393257391306,
      "chord": 5.146701916112533,
      "AR": 3.3030861855004496
    }
  },
  "7000L": {
    "weights": {
      "wto": 19391.074931303014,
      "wpl": 7000.0,
      "wf": 6981.931547777068,
      "we": 5548.843801122755
    },
    "velocities": {
      "loiter": 44.0,
      "cruise": 80.0
    },
    "performance": {
      "range": 1200.0,
      "endurance": 6.0,
      "bankangle": 0.7853981633974483,
      "Pa": 1591000.0,
      "loadfactor": 1.414213562373095,
      "Pr": 2336642.607610525,
      "RC_max": -15.023531932867066,
      "RC_clean": -3.921102150145214
    },
    "aerodynamics": {
      "CL_max": 2.1,
      "Cd0": 0.04,
      "oswald": 0.7,
      "CL_clean": 1.4849242404917502
    },
    "wing": {
      "span": 17,
      "area": 107.99578789193598,
      "chord": 6.352693405407998,
      "AR": 2.6760302937850002
    }
  },
  "7500L": {
    "weights": {
      "wto": 18774.977750864455,
      "wpl": 7500.0,
      "wf": 5952.775734414983,
      "we": 5457.866750184141
    },
    "velocities": {
      "loiter": 44.0,
      "cruise": 80.0
    },
    "performance": {
      "range": 1200.0,
      "endurance": 6.0,
      "bankangle": 0.7853981633974483,
      "Pa": 1591000.0,
      "loadfactor": 1.414213562373095,
      "Pr": 2197454.3683755486,
      "RC_max": -14.043487167096709,
      "RC_clean": -3.293806043713487
    },
    "aerodynamics": {
      "CL_max": 2.1,
      "Cd0": 0.04,
      "oswald": 0.7,
      "CL_clean": 1.48492424049175
    },
    "wing": {
      "span": 17,
      "area": 104.56452373277101,
      "chord": 6.150854337221824,
      "AR": 2.7638436984476606
    }
  },
  "8000L": {
    "weights": {
      "wto": 19181.984704298786,
      "wpl": 8000.0,
      "wf": 5727.390185751692,
      "we": 5571.569368633328
    },
    "velocities": {
      "loiter": 44.0,
      "cruise": 80.0
    },
    "performance": {
      "range": 1200.0,