{
  "2000L": {
    "weights": {
      "wto": 6289.27127605641,
      "wpl": 2000.0,
      "wf": 1735.6276563384597,
      "we": 2609.710332952025
    },
    "velocities": {
      "loiter": 44.0,
      "cruise": 80.0
    },
    "performance": {
      "range": 1200.0,
      "endurance": 6.0,
      "bankangle": 0.7853981633974483,
      "n_engines": 1,
      "steady": {
        "RC": 6.137516649022222,
        "Pr": 531212.3363906075,
        "Pa": 909754.0
      },
      "turning": {
        "Pr": 531212.3363906075,
        "Pa": 909754.0,
        "RC": 4.33987964216895
      },
      "loadfactor": 1.414213562373095,
      "engine": {
        "Model": "PT6A-67D",
        "Pa": 909754.0,
        "Weight": 233.59987999999998,
        "SFC": 0.322387015556154,
        "Size": [
          NaN,
          0.4826
        ]
      }
    },
    "aerodynamics": {
      "CL_max": 2.1,
      "Cd0": 0.04,
      "oswald": 0.7,
      "CL_clean": 1.48492424049175
    },
    "wing": {
      "AR": 8.0,
      "area": 35.02718694709271,
      "chord": 2.0924622740653147,
      "span": 16.739698192522518
    }
  },
  "2500L": {
    "weights": {
      "wto": 7899.8085710626365,
      "wpl": 2500.0,
      "wf": 2439.7845082598833,
      "we": 3031.074507323433
    },
    "velocities": {
      "loiter": 44.0,
      "cruise": 80.0
    },
    "performance": {
      "range": 1200.0,
      "endurance": 6.0,
      "bankangle": 0.7853981633974483,
      "n_engines": 1,
      "steady": {
        "RC": 6.210537669691754,
        "Pr": 667243.5619129573,
        "Pa": 1148378.0000000002
      },
      "turning": {
        "Pr": 667243.5619129573,
        "Pa": 1148378.0000000002,
        "RC": 4.391513301053538
      },
      "loadfactor": 1.414213562373095,
      "engine": {
        "Model": "Gazelle NGa.13/2 Mk.162",
        "Pa": 1148378.0000000002,
        "Weight": 426.37648,
        "SFC": 0.45620804088135,
        "Size": [
          1.905,
          1.0795
        ]
      }
    },
    "aerodynamics": {
      "CL_max": 2.1,
      "Cd0": 0.04,
      "oswald": 0.7,
      "CL_clean": 1.4849242404917498
    },
    "wing": {
      "AR": 8.0,
      "area": 43.99684152889042,
      "chord": 2.3451237048632003,
      "span": 18.760989638905603
    }
  },
  "3000L": {
    "weights": {
      "wto": 9167.593700916463,
      "wpl": 3000.0,
      "wf": 2866.828211566829,
      "we": 3366.391897149753
    },
    "velocities": {
      "loiter": 44.0,
      "cruise": 80.0
    },
    "performance": {
      "range": 1200.0,
      "endurance": 6.0,
      "bankangle": 0.7853981633974483,
      "n_engines": 1,
      "steady": {
        "RC": 6.317172494639745,
        "Pr": 774324.8232086549,
        "Pa": 1342260.0
      },
      "turning": {
        "Pr": 774324.8232086549,
        "Pa": 1342260.0,
        "RC": 4.466915508884903
      },
      "loadfactor": 1.414213562373095,
      "engine": {
        "Model": "T53-K-703",
        "Pa": 1342260.0,
        "Weight": 247.20764,
        "SFC": 0.34550155629414236,
        "Size": [
          1.20904,
          0.5841999999999999
        ]
      }
    },
    "aerodynamics": {
      "CL_max": 2.1,
      "Cd0": 0.04,
      "oswald": 0.7,
      "CL_clean": 1.48492424049175
    },
    "wing": {
      "AR": 8.0,
      "area": 51.05758748863202,
      "chord": 2.526301335169461,
      "span": 20.21041068135569
    }
  },
  "3500L": {
    "weights": {
      "wto": 10383.482636651692,
      "wpl": 3500.0,
      "wf": 3310.7039694559576,
      "we": 3653.176716719553
    },
    "velocities": {
      "loiter": 44.0,
      "cruise": 80.0
    },
    "performance": {
      "range": 1200.0,
      "endurance": 6.0,
      "bankangle": 0.7853981633974483,
      "n_engines": 1,
      "steady": {
        "RC": 6.03352893683849,
        "Pr": 877022.7629210595,
        "Pa": 1491400.0
      },
      "turning": {
        "Pr": 877022.7629210595,
        "Pa": 1491400.0,
        "RC": 4.266349225723757
      },
      "loadfactor": 1.414213562373095,
      "engine": {
        "Model": "CT7-6",
        "Pa": 1491400.0,
        "Weight": 223.620856,
        "SFC": 0.28589037228564596,
        "Size": [
          1.22428,
          0.6604
        ]
      }
    },
    "aerodynamics": {
      "CL_max": 2.1,
      "Cd0": 0.04,
      "oswald": 0.7,
      "CL_clean": 1.4849242404917504
    },
    "wing": {
      "AR": 8.0,
      "area": 57.82930509938903,
      "chord": 2.6886173281862984,
      "span": 21.508938625490387
    }
  },
  "4000L": {
    "weights": {
      "wto": 11782.693168321319,
      "wpl": 4000.0,
      "wf": 3954.1714703304597,
      "we": 3945.0746874625356
    },
    "velocities": {
      "loiter": 44.0,
      "cruise": 80.0
    },
    "performance": {
      "range": 1200.0,
      "endurance": 6.0,
      "bankangle": 0.7853981633974483,
      "n_engines": 1,
      "steady": {
        "RC": 6.036710657693491,
        "Pr": 995204.6417120518,
        "Pa": 1692739.0
      },
      "turning": {
        "Pr": 995204.6417120518,
        "Pa": 1692739.0,
        "RC": 4.268599042116172
      },
      "loadfactor": 1.414213562373095,
      "engine": {
        "Model": "T700-GE-T6E",
        "Pa": 1692739.0,
        "Weight": 240.857352,
        "SFC": 0.2639923863233412,
        "Size": [
          1.22428,
          0.635
        ]
      }
    },
    "aerodynamics": {
      "CL_max": 2.1,
      "Cd0": 0.04,
      "oswald": 0.7,
      "CL_clean": 1.48492424049175
    },
    "wing": {
      "AR": 8.0,
      "area": 65.62200583050843,
      "chord": 2.864044470467167,
      "span": 22.912355763737335
    }
  },
  "4500L": {
    "weights": {
      "wto": 11992.932032251698,
      "wpl": 4500.0,
      "wf": 3547.054965422811,
      "we": 4038.2481420794466
    },
    "velocities": {
      "loiter": 44.0,
      "cruise": 80.0
    },
    "performance": {
      "range": 1200.0,
      "endurance": 6.0,
      "bankangle": 0.7853981633974483,
      "n_engines": 1,
      "steady": {
        "RC": 6.477346698175815,
        "Pr": 1012962.1009162269,
        "Pa": 1774766.0
      },
      "turning": {
        "Pr": 1012962.1009162269,
        "Pa": 1774766.0,
        "RC": 4.580175774376412
      },
      "loadfactor": 1.414213562373095,
      "engine": {
        "Model": "PW123",
        "Pa": 1774766.0,
        "Weight": 449.963264,
        "SFC": 0.28589037228564596,
        "Size": [
          2.1336,
          0.8382
        ]
      }
    },
    "aerodynamics": {
      "CL_max": 2.1,
      "Cd0": 0.04,
      "oswald": 0.7,
      "CL_clean": 1.48492424049175
    },
    "wing": {
      "AR": 8.0,
      "area": 66.7929007827534,
      "chord": 2.889483102190455,
      "span": 23.11586481752364
    }
  },
  "5000L": {
    "weights": {
      "wto": 12579.781116057675,
      "wpl": 5000.0,
      "wf": 3604.866021086761,
      "we": 4123.526503747793
    },
    "velocities": {
      "loiter": 44.0,
      "cruise": 80.0
    },
    "performance": {
      "range": 1200.0,
      "endurance": 6.0,
      "bankangle": 0.7853981633974483,
      "n_engines": 1,
      "steady": {
        "RC": 6.075617983882169,
        "Pr": 1062529.285926051,
        "Pa": 1812051.0000000002
      },
      "turning": {
        "Pr": 1062529.285926051,
        "Pa": 1812051.0000000002,
        "RC": 4.296110676302023
      },
      "loadfactor": 1.414213562373095,
      "engine": {
        "Model": "RTM 322-01/9",
        "Pa": 1812051.0000000002,
        "Weight": 226.342408,
        "SFC": 0.255476502893556,
        "Size": [
          1.17094,
          0.6578599999999999
        ]
      }
    },
    "aerodynamics": {
      "CL_max": 2.1,
      "Cd0": 0.04,
      "oswald": 0.7,
      "CL_clean": 1.4849242404917502
    },
    "wing": {
      "AR": 8.0,
      "area": 70.06127189698067,
      "chord": 2.9593342134883285,
      "span": 23.674673707906628
    }
  },
  "5500L": {
    "weights": {
      "wto": 14682.12488472092,
      "wpl": 5500.0,
      "wf": 4741.152529413788,