{"2000L": {"weights": {"wto": 6633.175976915625, "wpl": 2000.0, "wf": 1976.5558614937538, "we": 2706.8645293466857}, "velocities": {"loiter": 44.0, "cruise": 80.0}, "performance": {"range": 1200.0, "endurance": 6.0, "bankangle": 0.7853981633974483, "n_engines": 1, "steady": {"RC": 6.639441253578817, "Pr": 3367450.924339075, "Pa": 3799341.5}, "turning": {"Pr": 3367450.924339075, "Pa": 3799341.5, "RC": 4.694793933695294}, "loadfactor": 1.414213562373095, "engine": {"Model": "Tyne RTy.12 Mk.515/10", "Pa": 3799341.5, "Weight": 1006.5206479999999}}, "aerodynamics": {"CL_max": 2.1, "Cd0": 0.04, "oswald": 0.7, "CL_clean": 1.48492424049175}, "wing": {"AR": 8.0, "area": 36.94251445011194, "chord": 2.148910027493937, "span": 17.191280219951494}}, "2500L": {"weights": {"wto": 7487.6375964981835, "wpl": 2500.0, "wf": 2133.1384469334707, "we": 2926.9316078787306}, "velocities": {"loiter": 44.0, "cruise": 80.0}, "performance": {"range": 1200.0, "endurance": 6.0, "bankangle": 0.7853981633974483, "n_engines": 1, "steady": {"RC": 8.149358033486665, "Pr": 3801233.712657847, "Pa": 4399630.0}, "turning": {"Pr": 3801233.712657847, "Pa": 4399630.0, "RC": 5.762466327795488}, "loadfactor": 1.414213562373095, "engine": {"Model": "XT33-FF-1", "Pa": 4399630.0, "Weight": 2179.50956}}, "aerodynamics": {"CL_max": 2.1, "Cd0": 0.04, "oswald": 0.7, "CL_clean": 1.48492424049175}, "wing": {"AR": 8.0, "area": 41.70131488573263, "chord": 2.283126006316029, "span": 18.26500805052823}}, "3000L": {"weights": {"wto": 8684.90072576949, "wpl": 3000.0, "wf": 2483.00673992859, "we": 3260.11168457206}, "velocities": {"loiter": 44.0, "cruise": 80.0}, "performance": {"range": 1200.0, "endurance": 6.0, "bankangle": 0.7853981633974483, "n_engines": 1, "steady": {"RC": 27.031349728665365, "Pr": 4409045.844489223, "Pa": 6711300.0}, "turning": {"Pr": 4409045.844489223, "Pa": 6711300.0, "RC": 19.114050697764423}, "loadfactor": 1.414213562373095, "engine": {"Model": "XT39-A-1", "Pa": 6711300.0, "Weight": 1678.2904}}, "aerodynamics": {"CL_max": 2.1, "Cd0": 0.04, "oswald": 0.7, "CL_clean": 1.48492424049175}, "wing": {"AR": 8.0, "area": 48.36929876066942, "chord": 2.458894537202374, "span": 19.671156297618992}}, "3500L": {"weights": {"wto": 9073.279127646027, "wpl": 3500.0, "wf": 2300.9407719442115, "we": 3352.178330325844}, "velocities": {"loiter": 44.0, "cruise": 80.0}, "performance": {"range": 1200.0, "endurance": 6.0, "bankangle": 0.7853981633974483, "n_engines": 1, "steady": {"RC": 32.039062884858396, "Pr": 4606213.115935655, "Pa": 7457000.0}, "turning": {"Pr": 4606213.115935655, "Pa": 7457000.0, "RC": 22.655038628745604}, "loadfactor": 1.414213562373095, "engine": {"Model": "XT37-NA-3", "Pa": 7457000.0, "Weight": 2721.552}}, "aerodynamics": {"CL_max": 2.1, "Cd0": 0.04, "oswald": 0.7, "CL_clean": 1.48492424049175}, "wing": {"AR": 8.0, "area": 50.532316110633786, "chord": 2.5132726700119954, "span": 20.106181360095963}}, "4000L": {"weights": {"wto": 11154.281455351746, "wpl": 4000.0, "wf": 3399.704161404977, "we": 3840.829815295507}, "velocities": {"loiter": 44.0, "cruise": 80.0}, "performance": {"range": 1200.0, "endurance": 6.0, "bankangle": 0.7853981633974483, "n_engines": 1, "steady": {"RC": 25.947609311023328, "Pr": 5662671.324849766, "Pa": 8500980.0}, "turning": {"Pr": 5662671.324849766, "Pa": 8500980.0, "RC": 18.3477304994038}, "loadfactor": 1.414213562373095, "engine": {"Model": "D-136", "Pa": 8500980.0, "Weight": 1050.06548}}, "aerodynamics": {"CL_max": 2.1, "Cd0": 0.04, "oswald": 0.7, "CL_clean": 1.48492424049175}, "wing": {"AR": 8.0, "area": 62.122157663086085, "chord": 2.7866233523542, "span": 22.2929868188336}}, "4500L": {"weights": {"wto": 11691.615972987724, "wpl": 4500.0, "wf": 3407.7082983288938, "we": 3922.7676757965223}, "velocities": {"loiter": 44.0, "cruise": 80.0}, "performance": {"range": 1200.0, "endurance": 6.0, "bankangle": 0.7853981633974483, "n_engines": 1, "steady": {"RC": 22.375893321065636, "Pr": 5935458.843888865, "Pa": 8500980.0}, "turning": {"Pr": 5935458.843888865, "Pa": 8500980.0, "RC": 15.82214590243229}, "loadfactor": 1.414213562373095, "engine": {"Model": "D-136", "Pa": 8500980.0, "Weight": 1050.06548}}, "aerodynamics": {"CL_max": 2.1, "Cd0": 0.04, "oswald": 0.7, "CL_clean": 1.4849242404917498}, "wing": {"AR": 8.0, "area": 65.1147645608065, "chord": 2.852953832451695, "span": 22.82363065961356}}, "5000L": {"weights": {"wto": 12236.507996485483, "wpl": 5000.0, "wf": 3298.247320123342, "we": 4069.5216684192314}, "velocities": {"loiter": 44.0, "cruise": 80.0}, "performance": {"range": 1200.0, "endurance": 6.0, "bankangle": 0.7853981633974483, "n_engines": 1, "steady": {"RC": 19.074276039985996, "Pr": 6212083.06652041, "Pa": 8500980.0}, "turning": {"Pr": 6212083.06652041, "Pa": 8500980.0, "RC": 13.487549934098185}, "loadfactor": 1.414213562373095, "engine": {"Model": "D-136", "Pa": 8500980.0, "Weight": 1050.06548}}, "aerodynamics": {"CL_max": 2.1, "Cd0": 0.04, "oswald": 0.7, "CL_clean": 1.48492424049175}, "wing": {"AR": 8.0, "area": 68.14946189461324, "chord": 2.9186782516794576, "span": 23.34942601343566}}, "5500L": {"weights": {"wto": 14663.259935228787, "wpl": 5500.0, "wf": 4627.9628324609885, "we": 4630.876297632311}, "velocities": {"loiter": 44.0, "cruise": 80.0}, "performance": {"range": 1200.0, "endurance": 6.0, "bankangle": 0.7853981633974483, "n_engines": 1, "steady": {"RC": 7.35000979036604, "Pr": 7444067.275548236, "Pa": 8500980.0}, "turning": {"Pr": 7444067.275548236, "Pa": 8500980.0, "RC": 5.197241764555343}, "loadfactor": 1.414213562373095, "engine": {"Model": "D-136", "Pa": 8500980.0, "Weight": 1050.06548}}, "aerodynamics": {"CL_max": 2.1, "Cd0": 0.04, "oswald": 0.7, "CL_clean": 1.4849242404917502}, "wing": {"AR": 8.0, "area": 81.66490591055029, "chord": 3.1950138088619875, "span": 25.5601104708959}}, "6000L": {"weights": {"wto": 15812.122702075198, "wpl": 6000.0, "wf": 5112.183062460973, "we": 4835.681375303192}, "velocities": {"loiter": 44.0, "cruise": 80.0}, "performance": {"range": 1200.0, "endurance": 6.0, "bankangle": 0.7853981633974483, "n_engines": 1, "steady": {"RC": 19.381186574460795, "Pr": 8027308.094067063, "Pa": 11032631.500000002}, "turning": {"Pr": 8027308.094067063, "Pa": 11032631.500000002, "RC": 13.704568454242903}, "loadfactor": 1.414213562373095, "engine": {"Model": "NK-12M", "Pa": 11032631.500000002, "Weight": 2350.060152}}, "aerodynamics": {"CL_max": 2.1, "Cd0": 0.04, "oswald": 0.7, "CL_clean": 1.4849242404917502}, "wing": {"AR": 8.0, "area": 88.06333096562537, "chord": 3.3178180134997115, "span": 26.542544107997692}}, "6500L": {"weights": {"wto": 15308.623536773533, "wpl": 6500.0, "wf": 4280.469854797076, "we": 4708.270875703452}, "velocities": {"loiter": 44.0, "cruise": 80.0}, "performance": {"range": 1200.0, "endurance": 6.0, "bankangle": 0.7853981633974483, "n_engines": 1, "steady": {"RC": 21.72126748018409, "Pr": 7771697.699363284, "Pa": 11032631.500000002}, "turning": {"Pr": 7771697.699363284, "Pa": 11032631.500000002, "RC": 15.359255531205003}, "loadfactor": 1.414213562373095, "engine": {"Model": "NK-12M", "Pa": 11032631.500000002, "Weight": 2350.060152}}, "aerodynamics": {"CL_max": 2.1, "Cd0": 0.04, "oswald": 0.7, "CL_clean": 1.48492424049175}, "wing": {"AR": 8.0, "area": 85.25916517015901, "chord": 3.2645666858359434, "span": 26.116533486687548}}, "7000L": {"weights": {"wto": 17909.60842246786, "wpl": 7000.0, "wf": 5901.823507302799, "we": 5208.012632691934}, "velocities": {"loiter": 44.0, "cruise": 80.0}, "performance": {"range": 1200.0, "endurance": 6.0, "bankangle": 0.7853981633974483, "n_engines": 1, "steady": {"RC": 11.048574118548162, "Pr": 9092134.393339861, "Pa": 11032631.500000002}, "turning": {"Pr": 9092134.393339861, "Pa": 11032631.500000002, "RC": 7.812521681667588}, "loadfactor": 1.414213562373095, "engine": {"Model": "NK-12M", "Pa": 11032631.500000002, "Weight": 2350.060152}}, "aerodynamics": {"CL_max": 2.1, "Cd0": 0.04, "oswald": 0.7, "CL_clean": 1.48492424049175}, "wing": {"AR": 8.0,