{
  "2000L": {
    "weights": {
      "wto": 6289.27127605641,
      "wpl": 2000.0,
      "wf": 1735.6276563384597,
      "we": 2609.710332952025
    },
    "velocities": {
      "loiter": 44.0,
      "cruise": 80.0
    },
    "performance": {
      "range": 1200.0,
      "endurance": 6.0,
      "bankangle": 0.7853981633974483,
      "n_engines": 1,
      "steady": {
        "RC": 8.313801029126099,
        "Pr": 531212.3363906075,
        "Pa": 1043980.0
      },
      "turning": {
        "Pr": 531212.3363906075,
        "Pa": 1043980.0,
        "RC": 5.878745085130762
      },
      "loadfactor": 1.414213562373095,
      "engine": {
        "Model": "T5313B",
        "Pa": 1043980.0,
        "Weight": 246.754048,
        "SFC": 0.35280088494824396,
        "Size": [
          1.20904,
          0.5841999999999999
        ]
      }
    },
    "aerodynamics": {
      "CL_max": 2.1,
      "Cd0": 0.04,
      "oswald": 0.7,
      "CL_clean": 1.48492424049175
    },
    "wing": {
      "AR": 8.0,
      "area": 35.02718694709271,
      "chord": 2.0924622740653147,
      "span": 16.739698192522518
    }
  },
  "2500L": {
    "weights": {
      "wto": 7899.8085710626365,
      "wpl": 2500.0,
      "wf": 2439.7845082598833,
      "we": 3031.074507323433
    },
    "velocities": {
      "loiter": 44.0,
      "cruise": 80.0
    },
    "performance": {
      "range": 1200.0,
      "endurance": 6.0,
      "bankangle": 0.7853981633974483,
      "n_engines": 1,
      "steady": {
        "RC": 7.972018777638526,
        "Pr": 667243.5619129573,
        "Pa": 1284841.1
      },
      "turning": {
        "Pr": 667243.5619129573,
        "Pa": 1284841.1,
        "RC": 5.637068537414693
      },
      "loadfactor": 1.414213562373095,
      "engine": {
        "Model": "TPE331-14GR-801H",
        "Pa": 1284841.1,
        "Weight": 281.22704,
        "SFC": 0.310221467799318,
        "Size": [
          1.3461999999999998,
          0.8128
        ]
      }
    },
    "aerodynamics": {
      "CL_max": 2.1,
      "Cd0": 0.04,
      "oswald": 0.7,
      "CL_clean": 1.4849242404917498
    },
    "wing": {
      "AR": 8.0,
      "area": 43.99684152889042,
      "chord": 2.3451237048632003,
      "span": 18.760989638905603
    }
  },
  "3000L": {
    "weights": {
      "wto": 9167.593700916463,
      "wpl": 3000.0,
      "wf": 2866.828211566829,
      "we": 3366.391897149753
    },
    "velocities": {
      "loiter": 44.0,
      "cruise": 80.0
    },
    "performance": {
      "range": 1200.0,
      "endurance": 6.0,
      "bankangle": 0.7853981633974483,
      "n_engines": 1,
      "steady": {
        "RC": 9.469067242961954,
        "Pr": 774324.8232086549,
        "Pa": 1625626.0
      },
      "turning": {
        "Pr": 774324.8232086549,
        "Pa": 1625626.0,
        "RC": 6.695641659009803
      },
      "loadfactor": 1.414213562373095,
      "engine": {
        "Model": "PW119B",
        "Pa": 1625626.0,
        "Weight": 415.490272,
        "SFC": 0.298055920042482,
        "Size": [
          2.0574,
          0.7874
        ]
      }
    },
    "aerodynamics": {
      "CL_max": 2.1,
      "Cd0": 0.04,
      "oswald": 0.7,
      "CL_clean": 1.48492424049175
    },
    "wing": {
      "AR": 8.0,
      "area": 51.05758748863202,
      "chord": 2.526301335169461,
      "span": 20.21041068135569
    }
  },
  "3500L": {
    "weights": {
      "wto": 10383.482636651692,
      "wpl": 3500.0,
      "wf": 3310.7039694559576,
      "we": 3653.176716719553
    },
    "velocities": {
      "loiter": 44.0,
      "cruise": 80.0
    },
    "performance": {
      "range": 1200.0,
      "endurance": 6.0,
      "bankangle": 0.7853981633974483,
      "n_engines": 1,
      "steady": {
        "RC": 12.844097588633776,
        "Pr": 877022.7629210595,
        "Pa": 2184901.0000000005
      },
      "turning": {
        "Pr": 877022.7629210595,
        "Pa": 2184901.0000000005,
        "RC": 9.082148503144728
      },
      "loadfactor": 1.414213562373095,
      "engine": {
        "Model": "T5508D",
        "Pa": 2184901.0000000005,
        "Weight": 274.42316,
        "SFC": 0.36010021360234556,
        "Size": [
          1.1176,
          0.6095999999999999
        ]
      }
    },
    "aerodynamics": {
      "CL_max": 2.1,
      "Cd0": 0.04,
      "oswald": 0.7,
      "CL_clean": 1.4849242404917504
    },
    "wing": {
      "AR": 8.0,
      "area": 57.82930509938903,
      "chord": 2.6886173281862984,
      "span": 21.508938625490387
    }
  },
  "4000L": {
    "weights": {
      "wto": 11782.693168321319,
      "wpl": 4000.0,
      "wf": 3954.1714703304597,
      "we": 3945.0746874625356
    },
    "velocities": {
      "loiter": 44.0,
      "cruise": 80.0
    },
    "performance": {
      "range": 1200.0,
      "endurance": 6.0,
      "bankangle": 0.7853981633974483,
      "n_engines": 1,
      "steady": {
        "RC": 8.811738562915346,
        "Pr": 995204.6417120518,
        "Pa": 2013390.0
      },
      "turning": {
        "Pr": 995204.6417120518,
        "Pa": 2013390.0,
        "RC": 6.230840091880445
      },
      "loadfactor": 1.414213562373095,
      "engine": {
        "Model": "CTP800-4T",
        "Pa": 2013390.0,
        "Weight": 517.09488,
        "SFC": 0.28589037228564596,
        "Size": [
          1.7526,
          1.27
        ]
      }
    },
    "aerodynamics": {
      "CL_max": 2.1,
      "Cd0": 0.04,
      "oswald": 0.7,
      "CL_clean": 1.48492424049175
    },
    "wing": {
      "AR": 8.0,
      "area": 65.62200583050843,
      "chord": 2.864044470467167,
      "span": 22.912355763737335
    }
  },
  "4500L": {
    "weights": {
      "wto": 11992.932032251698,
      "wpl": 4500.0,
      "wf": 3547.054965422811,
      "we": 4038.2481420794466
    },
    "velocities": {
      "loiter": 44.0,
      "cruise": 80.0
    },
    "performance": {
      "range": 1200.0,
      "endurance": 6.0,
      "bankangle": 0.7853981633974483,
      "n_engines": 1,
      "steady": {
        "RC": 7.2381972171042115,
        "Pr": 1012962.1009162269,
        "Pa": 1864250.0
      },
      "turning": {
        "Pr": 1012962.1009162269,
        "Pa": 1864250.0,
        "RC": 5.1181783357799855
      },
      "loadfactor": 1.414213562373095,
      "engine": {
        "Model": "PW123B",
        "Pa": 1864250.0,
        "Weight": 449.963264,
        "SFC": 0.2816324305707534,
        "Size": [
          2.1336,
          0.8382
        ]
      }
    },
    "aerodynamics": {
      "CL_max": 2.1,
      "Cd0": 0.04,
      "oswald": 0.7,
      "CL_clean": 1.48492424049175
    },
    "wing": {
      "AR": 8.0,
      "area": 66.7929007827534,
      "chord": 2.889483102190455,
      "span": 23.11586481752364
    }
  },
  "5000L": {
    "weights": {
      "wto": 12579.781116057675,
      "wpl": 5000.0,
      "wf": 3604.866021086761,
      "we": 4123.526503747793
    },
    "velocities": {
      "loiter": 44.0,
      "cruise": 80.0
    },
    "performance": {
      "range": 1200.0,
      "endurance": 6.0,
      "bankangle": 0.7853981633974483,
      "n_engines": 1,
      "steady": {
        "RC": 9.097937581506221,
        "Pr": 1062529.285926051,
        "Pa": 2184901.0000000005
      },
      "turning": {
        "Pr": 1062529.285926051,
        "Pa": 2184901.0000000005,
        "RC": 6.433213358694988
      },
      "loadfactor": 1.414213562373095,
      "engine": {
        "Model": "T5508D",
        "Pa": 2184901.0000000005,
        "Weight": 274.42316,
        "SFC": 0.36010021360234556,
        "Size": [
          1.1176,
          0.6095999999999999
        ]
      }
    },
    "aerodynamics": {
      "CL_max": 2.1,
      "Cd0": 0.04,
      "oswald": 0.7,
      "CL_clean": 1.4849242404917502
    },
    "wing": {
      "AR": 8.0,
      "area": 70.06127189698067,
      "chord": 2.9593342134883285,
      "span": 23.674673707906628
    }
  },
  "5500L": {
    "weights": {
      "wto": 14682.12488472092,
      "wpl": 5500.0,
      "wf": 4741.152529413788,