{
  "3000L": {
    "weights": {
      "wto": 15250.803528613724,
      "wpl": 3000.0,
      "wf": 3933.549805838214,
      "we": 8492.830863423429
    },
    "velocities": {
      "loiter": 44.0,
      "cruise": 80.0
    },
    "performance": {
      "range": 1200.0,
      "endurance": 6.0,
      "bankangle": 0.7853981633974483,
      "Pa": 2122000.0,
      "loadfactor": 1.414213562373095,
      "Pr": 1483201.6577109725,
      "RC_max": -4.4606978510467785,
      "RC_clean": 4.271204630191418
    },
    "aerodynamics": {
      "CL_max": 2.1,
      "Cd0": 0.04,
      "oswald": 0.7,
      "CL_clean": 1.48492424049175
    },
    "wing": {
      "span": 17,
      "area": 84.93714499545189,
      "chord": 4.996302646791287,
      "AR": 3.4025160607349707
    }
  },
  "3500L": {
    "weights": {
      "wto": 17220.648196843256,
      "wpl": 3500.0,
      "wf": 4245.033544469919,
      "we": 9663.765244087053
    },
    "velocities": {
      "loiter": 44.0,
      "cruise": 80.0
    },
    "performance": {
      "range": 1200.0,
      "endurance": 6.0,
      "bankangle": 0.7853981633974483,
      "Pa": 2122000.0,
      "loadfactor": 1.414213562373095,
      "Pr": 1865243.3012872087,
      "RC_max": -8.339366013060886,
      "RC_clean": 1.5203781267427372
    },
    "aerodynamics": {
      "CL_max": 2.1,
      "Cd0": 0.04,
      "oswald": 0.7,
      "CL_clean": 1.4849242404917502
    },
    "wing": {
      "span": 17,
      "area": 95.90791003678333,
      "chord": 5.641641766869608,
      "AR": 3.0133072432624224
    }
  },
  "4000L": {
    "weights": {
      "wto": 22115.64993592294,
      "wpl": 4000.0,
      "wf": 5864.587858477149,
      "we": 12488.4060824462
    },
    "velocities": {
      "loiter": 44.0,
      "cruise": 80.0
    },
    "performance": {
      "range": 1200.0,
      "endurance": 6.0,
      "bankangle": 0.7853981633974483,
      "Pa": 2122000.0,
      "loadfactor": 1.414213562373095,
      "Pr": 3003282.3789684786,
      "RC_max": -16.725842990871293,
      "RC_clean": -4.063447977561838
    },
    "aerodynamics": {
      "CL_max": 2.1,
      "Cd0": 0.04,
      "oswald": 0.7,
      "CL_clean": 1.4849242404917502
    },
    "wing": {
      "span": 17,
      "area": 123.16991440823382,
      "chord": 7.245289082837283,
      "AR": 2.3463522028775605
    }
  },
  "4500L": {
    "weights": {
      "wto": 23181.312658633506,
      "wpl": 4500.0,
      "wf": 5837.830287039417,
      "we": 13118.828080202204
    },
    "velocities": {
      "loiter": 44.0,
      "cruise": 80.0
    },
    "performance": {
      "range": 1200.0,
      "endurance": 6.0,
      "bankangle": 0.7853981633974483,
      "Pa": 2122000.0,
      "loadfactor": 1.414213562373095,
      "Pr": 3286704.075210765,
      "RC_max": -18.39592789216827,
      "RC_clean": -5.123383849324658
    },
    "aerodynamics": {
      "CL_max": 2.1,
      "Cd0": 0.04,
      "oswald": 0.7,
      "CL_clean": 1.4849242404917498
    },
    "wing": {
      "span": 17,
      "area": 129.1049688481715,
      "chord": 7.594409932245382,
      "AR": 2.2384885924868345
    }
  },
  "5000L": {
    "weights": {
      "wto": 26219.453359499534,
      "wpl": 5000.0,
      "wf": 6556.524123835158,
      "we": 14942.912578949732
    },
    "velocities": {
      "loiter": 44.0,
      "cruise": 80.0
    },
    "performance": {
      "range": 1200.0,
      "endurance": 6.0,
      "bankangle": 0.7853981633974483,
      "Pa": 2122000.0,
      "loadfactor": 1.414213562373095,
      "Pr": 4164727.738304964,
      "RC_max": -22.956535276748536,
      "RC_clean": -7.944492834724247
    },
    "aerodynamics": {
      "CL_max": 2.1,
      "Cd0": 0.04,
      "oswald": 0.7,
      "CL_clean": 1.4849242404917502
    },
    "wing": {
      "span": 17,
      "area": 146.02545416829795,
      "chord": 8.589732598135173,
      "AR": 1.9791070101170194
    }
  },
  "5500L": {
    "weights": {
      "wto": 26127.748504555955,
      "wpl": 5500.0,
      "wf": 6006.294994173679,
      "we": 14922.174716308684
    },
    "velocities": {
      "loiter": 44.0,
      "cruise": 80.0
    },
    "performance": {
      "range": 1200.0,
      "endurance": 6.0,
      "bankangle": 0.7853981633974483,
      "Pa": 2122000.0,
      "loadfactor": 1.414213562373095,
      "Pr": 4136707.863331015,
      "RC_max": -22.82255719438435,
      "RC_clean": -7.863020697303943
    },
    "aerodynamics": {
      "CL_max": 2.1,
      "Cd0": 0.04,
      "oswald": 0.7,
      "CL_clean": 1.48492424049175
    },
    "wing": {
      "span": 17,
      "area": 145.51471723915745,
      "chord": 8.559689249362203,
      "AR": 1.9860534074022254
    }
  },
  "6000L": {
    "weights": {
      "wto": 37219.573408862976,
      "wpl": 6000.0,
      "wf": 10297.23021344693,
      "we": 21352.856244304163
    },
    "velocities": {
      "loiter": 44.0,
      "cruise": 80.0
    },
    "performance": {
      "range": 1200.0,
      "endurance": 6.0,
      "bankangle": 0.7853981633974483,
      "Pa": 3182000.0,
      "loadfactor": 1.414213562373095,
      "Pr": 8210822.8697100235,
      "RC_max": -35.0878229997049,
      "RC_clean": -13.77762220997513
    },
    "aerodynamics": {
      "CL_max": 2.1,
      "Cd0": 0.04,
      "oswald": 0.7,
      "CL_clean": 1.48492424049175
    },
    "wing": {
      "span": 17,
      "area": 207.28903217238025,
      "chord": 12.19347248072825,
      "AR": 1.3941885731786785
    }
  },
  "6500L": {
    "weights": {
      "wto": 33503.001864439626,
      "wpl": 6500.0,
      "wf": 8032.214364574128,
      "we": 19317.12456971945
    },
    "velocities": {
      "loiter": 44.0,
      "cruise": 80.0
    },
    "performance": {
      "range": 1200.0,
      "endurance": 6.0,
      "bankangle": 0.7853981633974483,
      "Pa": 3182000.0,
      "loadfactor": 1.414213562373095,
      "Pr": 6691790.495197687,
      "RC_max": -29.864860174078615,
      "RC_clean": -10.682595806161729
    },
    "aerodynamics": {
      "CL_max": 2.1,
      "Cd0": 0.04,
      "oswald": 0.7,
      "CL_clean": 1.48492424049175
    },
    "wing": {
      "span": 17,
      "area": 186.59012436975962,
      "chord": 10.975889668809389,
      "AR": 1.5488493883379275
    }
  },
  "7000L": {
    "weights": {
      "wto": 36076.59814660993,
      "wpl": 7000.0,
      "wf": 8634.99352382456,
      "we": 20837.2393564562
    },
    "velocities": {
      "loiter": 44.0,
      "cruise": 80.0
    },
    "performance": {
      "range": 1200.0,
      "endurance": 6.0,
      "bankangle": 0.7853981633974483,
      "Pa": 3182000.0,
      "loadfactor": 1.414213562373095,
      "Pr": 7727151.1304234015,
      "RC_max": -33.50279653810892,
      "RC_clean": -12.84701035084491
    },
    "aerodynamics": {
      "CL_max": 2.1,
      "Cd0": 0.04,
      "oswald": 0.7,
      "CL_clean": 1.4849242404917498
    },
    "wing": {
      "span": 17,
      "area": 200.92339672280823,
      "chord": 11.819023336635778,
      "AR": 1.4383591195140968
    }
  },
  "7500L": {
    "weights": {
      "wto": 44114.290906232345,
      "wpl": 7500.0,
      "wf": 11471.656282018508,
      "we": 25600.253182574488
    },
    "velocities": {
      "loiter": 44.0,
      "cruise": 80.0
    },
    "performance": {
      "range": 1200.0,
      "endurance": 6.0,
      "bankangle": 0.7853981633974483,
      "Pa": 3182000.0,
      "loadfactor": 1.414213562373095,
      "Pr": 11439614.49694677,
      "RC_max": -44.345541181645785,
      "RC_clean": -19.08774505965954
    },
    "aerodynamics": {
      "CL_max": 2.1,
      "Cd0": 0.04,
      "oswald": 0.7,
      "CL_clean": 1.48492424049175
    },
    "wing": {
      "span": 17,
      "area": 245.68816430191032,
      "chord": 14.452244958935902,
      "AR": 1.176287839591925
    }
  },
  "8000L": {
    "weights": {
      "wto": 45160.64628580779,
      "wpl": 8000.0,
      "wf": 11419.436330586783,
      "we": 26237.336224591527
    },
    "velocities": {
      "loiter": 44.0,
      "cruise": 80.0
    },
    "performance": {
      "range": 1200.0,