{"2000L": {"weights": {"wto": 9781.33846904273, "wpl": 2000.0, "wf": 2540.3169768222892, "we": 5354.6239609772}, "velocities": {"loiter": 44.0, "cruise": 80.0}, "performance": {"range": 1200.0, "endurance": 6.0, "bankangle": 0.7853981633974483, "n_engines": 2, "steady": {"RC": 19.59770072985174, "Pr": 4965672.158175924, "Pa": 6845526.0}, "turning": {"Pr": 4965672.158175924, "Pa": 6845526.0, "RC": 13.857667081742719}, "loadfactor": 1.414213562373095, "engine": {"Model": "501-D22A", "Pa": 3422763.0, "Weight": 831.887728}}, "aerodynamics": {"CL_max": 2.1, "Cd0": 0.04, "oswald": 0.7, "CL_clean": 1.48492424049175}, "wing": {"AR": 8.0, "area": 54.475750227581116, "chord": 2.6094958858844057, "span": 20.875967087075246}}, "2500L": {"weights": {"wto": 11593.907941365122, "wpl": 2500.0, "wf": 2821.4601085932727, "we": 6406.8461291060285}, "velocities": {"loiter": 44.0, "cruise": 80.0}, "performance": {"range": 1200.0, "endurance": 6.0, "bankangle": 0.7853981633974483, "n_engines": 2, "steady": {"RC": 8.44056606390259, "Pr": 5885855.606684254, "Pa": 6845526.0}, "turning": {"Pr": 5885855.606684254, "Pa": 6845526.0, "RC": 5.968381500838568}, "loadfactor": 1.414213562373095, "engine": {"Model": "501-D22A", "Pa": 3422763.0, "Weight": 831.887728}}, "aerodynamics": {"CL_max": 2.1, "Cd0": 0.04, "oswald": 0.7, "CL_clean": 1.48492424049175}, "wing": {"AR": 8.0, "area": 64.57059380720796, "chord": 2.841007607504949, "span": 22.72806086003959}}, "3000L": {"weights": {"wto": 16050.384432837467, "wpl": 3000.0, "wf": 4297.739618284821, "we": 8938.18172719882}, "velocities": {"loiter": 44.0, "cruise": 80.0}, "performance": {"range": 1200.0, "endurance": 6.0, "bankangle": 0.7853981633974483, "n_engines": 2, "steady": {"RC": 33.509003943030244, "Pr": 8148265.941150009, "Pa": 13422600.0}, "turning": {"Pr": 8148265.941150009, "Pa": 13422600.0, "RC": 23.694443918923447}, "loadfactor": 1.414213562373095, "engine": {"Model": "XT39-A-1", "Pa": 6711300.0, "Weight": 1678.2904}}, "aerodynamics": {"CL_max": 2.1, "Cd0": 0.04, "oswald": 0.7, "CL_clean": 1.48492424049175}, "wing": {"AR": 8.0, "area": 89.3902952226006, "chord": 3.342721481491552, "span": 26.741771851932416}}, "3500L": {"weights": {"wto": 19076.62700932268, "wpl": 3500.0, "wf": 5095.244015895062, "we": 10697.71439609973}, "velocities": {"loiter": 44.0, "cruise": 80.0}, "performance": {"range": 1200.0, "endurance": 6.0, "bankangle": 0.7853981633974483, "n_engines": 2, "steady": {"RC": 27.95311651573092, "Pr": 9684592.339985885, "Pa": 14914000.0}, "turning": {"Pr": 9684592.339985885, "Pa": 14914000.0, "RC": 19.76583824357101}, "loadfactor": 1.414213562373095, "engine": {"Model": "XT37-NA-3", "Pa": 7457000.0, "Weight": 2721.552}}, "aerodynamics": {"CL_max": 2.1, "Cd0": 0.04, "oswald": 0.7, "CL_clean": 1.48492424049175}, "wing": {"AR": 8.0, "area": 106.2445156594499, "chord": 3.644250877400078, "span": 29.154007019200623}}, "4000L": {"weights": {"wto": 18968.96630749162, "wpl": 4000.0, "wf": 4449.279804908681, "we": 10716.866150677386}, "velocities": {"loiter": 44.0, "cruise": 80.0}, "performance": {"range": 1200.0, "endurance": 6.0, "bankangle": 0.7853981633974483, "n_engines": 2, "steady": {"RC": 28.405581959439328, "Pr": 9629936.45098826, "Pa": 14914000.0}, "turning": {"Pr": 9629936.45098826, "Pa": 14914000.0, "RC": 20.085779627069808}, "loadfactor": 1.414213562373095, "engine": {"Model": "XT37-NA-3", "Pa": 7457000.0, "Weight": 2721.552}}, "aerodynamics": {"CL_max": 2.1, "Cd0": 0.04, "oswald": 0.7, "CL_clean": 1.48492424049175}, "wing": {"AR": 8.0, "area": 105.64491494827556, "chord": 3.6339529948163123, "span": 29.0716239585305}}, "4500L": {"weights": {"wto": 22017.67408834243, "wpl": 4500.0, "wf": 5276.732772994122, "we": 12483.34570139746}, "velocities": {"loiter": 44.0, "cruise": 80.0}, "performance": {"range": 1200.0, "endurance": 6.0, "bankangle": 0.7853981633974483, "n_engines": 2, "steady": {"RC": 26.974353644251718, "Pr": 11177667.714321872, "Pa": 17001960.0}, "turning": {"Pr": 11177667.714321872, "Pa": 17001960.0, "RC": 19.073748379974454}, "loadfactor": 1.414213562373095, "engine": {"Model": "D-136", "Pa": 8500980.0, "Weight": 1050.06548}}, "aerodynamics": {"CL_max": 2.1, "Cd0": 0.04, "oswald": 0.7, "CL_clean": 1.48492424049175}, "wing": {"AR": 8.0, "area": 122.62425209238377, "chord": 3.9151030013970223, "span": 31.320824011176178}}, "5000L": {"weights": {"wto": 26909.79253266721, "wpl": 5000.0, "wf": 6929.55426201215, "we": 15298.9056938102}, "velocities": {"loiter": 44.0, "cruise": 80.0}, "performance": {"range": 1200.0, "endurance": 6.0, "bankangle": 0.7853981633974483, "n_engines": 2, "steady": {"RC": 12.659283202326387, "Pr": 13661239.510796053, "Pa": 17001960.0}, "turning": {"Pr": 13661239.510796053, "Pa": 17001960.0, "RC": 8.951464997325942}, "loadfactor": 1.414213562373095, "engine": {"Model": "D-136", "Pa": 8500980.0, "Weight": 1050.06548}}, "aerodynamics": {"CL_max": 2.1, "Cd0": 0.04, "oswald": 0.7, "CL_clean": 1.4849242404917502}, "wing": {"AR": 8.0, "area": 149.87019837061956, "chord": 4.328253088294104, "span": 34.62602470635283}}, "5500L": {"weights": {"wto": 28197.683886848965, "wpl": 5500.0, "wf": 6833.861589819436, "we": 16150.85647789215}, "velocities": {"loiter": 44.0, "cruise": 80.0}, "performance": {"range": 1200.0, "endurance": 6.0, "bankangle": 0.7853981633974483, "n_engines": 2, "steady": {"RC": 9.716666096660887, "Pr": 14315060.688792944, "Pa": 17001960.0}, "turning": {"Pr": 14315060.688792944, "Pa": 17001960.0, "RC": 6.870720487474335}, "loadfactor": 1.414213562373095, "engine": {"Model": "D-136", "Pa": 8500980.0, "Weight": 1050.06548}}, "aerodynamics": {"CL_max": 2.1, "Cd0": 0.04, "oswald": 0.7, "CL_clean": 1.4849242404917502}, "wing": {"AR": 8.0, "area": 157.0429230394074, "chord": 4.4306168170951015, "span": 35.44493453676081}}, "6000L": {"weights": {"wto": 36271.36944426364, "wpl": 6000.0, "wf": 9803.621309746775, "we": 20850.311112321942}, "velocities": {"loiter": 44.0, "cruise": 80.0}, "performance": {"range": 1200.0, "endurance": 6.0, "bankangle": 0.7853981633974483, "n_engines": 2, "steady": {"RC": 10.265517029747684, "Pr": 18413812.17492209, "Pa": 22065263.000000004}, "turning": {"Pr": 18413812.17492209, "Pa": 22065263.000000004, "RC": 7.258816704120574}, "loadfactor": 1.414213562373095, "engine": {"Model": "NK-12M", "Pa": 11032631.500000002, "Weight": 2350.060152}}, "aerodynamics": {"CL_max": 2.1, "Cd0": 0.04, "oswald": 0.7, "CL_clean": 1.48492424049175}, "wing": {"AR": 8.0, "area": 202.0081473012762, "chord": 5.025039145385787, "span": 40.2003131630863}}, "6500L": {"weights": {"wto": 41074.43428946342, "wpl": 6500.0, "wf": 11312.151710517994, "we": 23697.052838042928}, "velocities": {"loiter": 44.0, "cruise": 80.0}, "performance": {"range": 1200.0, "endurance": 6.0, "bankangle": 0.7853981633974483, "n_engines": 2, "steady": {"RC": 6.0, "Pr": 20852174.312292874, "Pa": 23268989.91844147}, "turning": {"Pr": 20852174.312292874, "Pa": 23268989.91844147, "RC": 4.242640687119283}, "loadfactor": 1.414213562373095, "engine": {"Model": null, "Pa": null, "Weight": null}}, "aerodynamics": {"CL_max": 2.1, "Cd0": 0.04, "oswald": 0.7, "CL_clean": 1.48492424049175}, "wing": {"AR": 8.0, "area": 228.75812243628303, "chord": 5.347407344174874, "span": 42.77925875339899}}, "7000L": {"weights": {"wto": 42039.555081935934, "wpl": 7000.0, "wf": 11224.515114696544, "we": 24286.259009049798}, "velocities": {"loiter": 44.0, "cruise": 80.0}, "performance": {"range": 1200.0, "endurance": 6.0, "bankangle": 0.7853981633974483, "n_engines": 2, "steady": {"RC": 6.0, "Pr": 21342135.217298392, "Pa": 23815738.434363995}, "turning": {"Pr": 21342135.217298392, "Pa": 23815738.434363995, "RC": 4.2426406871192865}, "loadfactor": 1.414213562373095, "engine": {"Model": null, "Pa": null, "Weight": null}}, "aerodynamics": {"CL_max": 2.1, "Cd0": 0.04, "oswald": 0.7, "CL_clean": 1.48492424049175}, "wing": {"AR": 8.0, "area": 234.13322313406343, "chord": 5.4098662545166425, "span": 43.27893003613314}},