{"2000L": {"weights": {"wto": 8596.797750654105, "wpl": 2000.0, "wf": 1954.3888892362868, "we": 4726.8694070240235}, "velocities": {"loiter": 44.0, "cruise": 80.0}, "performance": {"range": 1200.0, "endurance": 6.0, "bankangle": 0.7853981633974483, "n_engines": 2, "steady": {"RC": 6.247049967889933, "Pr": 726113.5381436403, "Pa": 1252776.0}, "turning": {"Pr": 726113.5381436403, "Pa": 1252776.0, "RC": 4.417331394706176}, "loadfactor": 1.414213562373095, "engine": {"Model": "TPE331-5-254K", "Pa": 626388.0, "Weight": 161.02516, "SFC": 0.35097605278471855, "Size": [1.0922, 0.6604]}}, "aerodynamics": {"CL_max": 2.1, "Cd0": 0.04, "oswald": 0.7, "CL_clean": 1.4849242404917498}, "wing": {"AR": 8.0, "area": 47.878621980402336, "chord": 2.4463907593739584, "span": 19.571126074991668}}, "2500L": {"weights": {"wto": 11299.289855933908, "wpl": 2500.0, "wf": 2681.6049506303216, "we": 6246.811618687161}, "velocities": {"loiter": 44.0, "cruise": 80.0}, "performance": {"range": 1200.0, "endurance": 6.0, "bankangle": 0.7853981633974483, "n_engines": 2, "steady": {"RC": 6.192369292194268, "Pr": 954374.8234833664, "Pa": 1640540.0}, "turning": {"Pr": 954374.8234833664, "Pa": 1640540.0, "RC": 4.378666318121908}, "loadfactor": 1.414213562373095, "engine": {"Model": "T5311A", "Pa": 820270.0, "Weight": 224.981632, "SFC": 0.413628623732424, "Size": [1.20904, 0.5841999999999999]}}, "aerodynamics": {"CL_max": 2.1, "Cd0": 0.04, "oswald": 0.7, "CL_clean": 1.48492424049175}, "wing": {"AR": 8.0, "area": 62.929760981999564, "chord": 2.8046782565474326, "span": 22.43742605237946}}, "3000L": {"weights": {"wto": 13407.550411865323, "wpl": 3000.0, "wf": 3045.0588030740582, "we": 7494.783119239166}, "velocities": {"loiter": 44.0, "cruise": 80.0}, "performance": {"range": 1200.0, "endurance": 6.0, "bankangle": 0.7853981633974483, "n_engines": 2, "steady": {"RC": 6.019483087449517, "Pr": 1132445.3767285626, "Pa": 1923906.0000000002}, "turning": {"Pr": 1132445.3767285626, "Pa": 1923906.0000000002, "RC": 4.25641731037329}, "loadfactor": 1.414213562373095, "engine": {"Model": "PT6T-3B", "Pa": 961953.0000000001, "Weight": 299.37072, "SFC": 0.3625333231537128, "Size": [1.7018, 1.1176]}}, "aerodynamics": {"CL_max": 2.1, "Cd0": 0.04, "oswald": 0.7, "CL_clean": 1.4849242404917502}, "wing": {"AR": 8.0, "area": 74.6714132950312, "chord": 3.055147567938233, "span": 24.441180543505865}}, "3500L": {"weights": {"wto": 18588.747628192385, "wpl": 3500.0, "wf": 4835.394998382566, "we": 10445.792865245538}, "velocities": {"loiter": 44.0, "cruise": 80.0}, "performance": {"range": 1200.0, "endurance": 6.0, "bankangle": 0.7853981633974483, "n_engines": 2, "steady": {"RC": 6.113519118259365, "Pr": 1570066.168991702, "Pa": 2684520.0}, "turning": {"Pr": 1570066.168991702, "Pa": 2684520.0, "RC": 4.322910825434801}, "loadfactor": 1.414213562373095, "engine": {"Model": "T53-L-703", "Pa": 1342260.0, "Weight": 247.20764, "SFC": 0.34550155629414236, "Size": [1.20904, 0.5841999999999999]}}, "aerodynamics": {"CL_max": 2.1, "Cd0": 0.04, "oswald": 0.7, "CL_clean": 1.4849242404917502}, "wing": {"AR": 8.0, "area": 103.52734199331441, "chord": 3.597348711087695, "span": 28.77878968870156}}, "4000L": {"weights": {"wto": 19965.730537516618, "wpl": 4000.0, "wf": 4893.2864592816095, "we": 11279.87664349284}, "velocities": {"loiter": 44.0, "cruise": 80.0}, "performance": {"range": 1200.0, "endurance": 6.0, "bankangle": 0.7853981633974483, "n_engines": 2, "steady": {"RC": 6.194739422495249, "Pr": 1686370.630403123, "Pa": 2899281.6}, "turning": {"Pr": 1686370.630403123, "Pa": 2899281.6, "RC": 4.380342253330029}, "loadfactor": 1.414213562373095, "engine": {"Model": "T700-GE-701D", "Pa": 1449640.8, "Weight": 206.837952, "SFC": 0.282848985346437, "Size": [1.1683999999999999, 0.635]}}, "aerodynamics": {"CL_max": 2.1, "Cd0": 0.04, "oswald": 0.7, "CL_clean": 1.4849242404917502}, "wing": {"AR": 8.0, "area": 111.19624919588216, "chord": 3.7282074981799593, "span": 29.825659985439675}}, "4500L": {"weights": {"wto": 23167.837233906623, "wpl": 4500.0, "wf": 5756.977738678099, "we": 13152.51664201942}, "velocities": {"loiter": 44.0, "cruise": 80.0}, "performance": {"range": 1200.0, "endurance": 6.0, "bankangle": 0.7853981633974483, "n_engines": 2, "steady": {"RC": 6.156804399639138, "Pr": 1956830.991373262, "Pa": 3355650.0}, "turning": {"Pr": 1956830.991373262, "Pa": 3355650.0, "RC": 4.353518141424006}, "loadfactor": 1.414213562373095, "engine": {"Model": "LTC 4B-8D", "Pa": 1677825.0, "Weight": 274.42316, "SFC": 0.383214754340334, "Size": [1.1176, 0.6095999999999999]}}, "aerodynamics": {"CL_max": 2.1, "Cd0": 0.04, "oswald": 0.7, "CL_clean": 1.4849242404917502}, "wing": {"AR": 8.0, "area": 129.02991941869354, "chord": 4.0160602494654745, "span": 32.128481995723796}}, "5000L": {"weights": {"wto": 26908.937738558925, "wpl": 5000.0, "wf": 6924.425497362438, "we": 15301.042679080914}, "velocities": {"loiter": 44.0, "cruise": 80.0}, "performance": {"range": 1200.0, "endurance": 6.0, "bankangle": 0.7853981633974483, "n_engines": 2, "steady": {"RC": 6.381029178769761, "Pr": 2272816.524914208, "Pa": 3956684.2}, "turning": {"Pr": 2272816.524914208, "Pa": 3956684.2, "RC": 4.5120690032573245}, "loadfactor": 1.414213562373095, "engine": {"Model": "PW126", "Pa": 1978342.1, "Weight": 480.80752, "SFC": 0.2816324305707534, "Size": [2.1336, 0.8382]}}, "aerodynamics": {"CL_max": 2.1, "Cd0": 0.04, "oswald": 0.7, "CL_clean": 1.4849242404917502}, "wing": {"AR": 8.0, "area": 149.86543771843617, "chord": 4.328184343902708, "span": 34.62547475122167}}, "5500L": {"weights": {"wto": 32859.626617937945, "wpl": 5500.0, "wf": 8878.933539760694, "we": 18823.61622408599}, "velocities": {"loiter": 44.0, "cruise": 80.0}, "performance": {"range": 1200.0, "endurance": 6.0, "bankangle": 0.7853981633974483, "n_engines": 2, "steady": {"RC": 7.122978394024964, "Pr": 2775431.0893046698, "Pa": 5070760.0}, "turning": {"Pr": 2775431.0893046698, "Pa": 5070760.0, "RC": 5.036706324660316}, "loadfactor": 1.414213562373095, "engine": {"Model": "T64-GE-P4D-1", "Pa": 2535380.0, "Weight": 538.867296, "SFC": 0.29197314616406395, "Size": [2.794, 0.51054]}}, "aerodynamics": {"CL_max": 2.1, "Cd0": 0.04, "oswald": 0.7, "CL_clean": 1.48492424049175}, "wing": {"AR": 8.0, "area": 183.0069389660483, "chord": 4.78287229295912, "span": 38.26297834367296}}, "6000L": {"weights": {"wto": 33620.3514349885, "wpl": 6000.0, "wf": 8736.311787867386, "we": 19273.750643347263}, "velocities": {"loiter": 44.0, "cruise": 80.0}, "performance": {"range": 1200.0, "endurance": 6.0, "bankangle": 0.7853981633974483, "n_engines": 2, "steady": {"RC": 6.766925031490136, "Pr": 2839684.385064736, "Pa": 5070760.0}, "turning": {"Pr": 2839684.385064736, "Pa": 5070760.0, "RC": 4.784938577547668}, "loadfactor": 1.414213562373095, "engine": {"Model": "T64-GE-P4D-1", "Pa": 2535380.0, "Weight": 538.867296, "SFC": 0.29197314616406395, "Size": [2.794, 0.51054]}}, "aerodynamics": {"CL_max": 2.1, "Cd0": 0.04, "oswald": 0.7, "CL_clean": 1.4849242404917502}, "wing": {"AR": 8.0, "area": 187.24368583425314, "chord": 4.837919049475884, "span": 38.70335239580707}}, "6500L": {"weights": {"wto": 42147.273406828564, "wpl": 6500.0, "wf": 11870.825064052347, "we": 24266.963196818215}, "velocities": {"loiter": 44.0, "cruise": 80.0}, "performance": {"range": 1200.0, "endurance": 6.0, "bankangle": 0.7853981633974483, "n_engines": 2, "steady": {"RC": 6.000804841923575, "Pr": 3559895.987341461, "Pa": 6040170.0}, "turning": {"Pr": 3559895.987341461, "Pa": 6040170.0, "RC": 4.243209796301229}, "loadfactor": 1.414213562373095, "engine": {"Model": "JTFTD12A-1", "Pa": 3020085.0, "Weight": 400.068144, "SFC": 0.42275278455005094, "Size": [NaN, 0.8635999999999999]}}, "aerodynamics": {"CL_max": 2.1, "Cd0": 0.04, "oswald": 0.7, "CL_clean": 1.4849242404917498}, "wing": {"AR": 8.0, "area": 234.73314476854694, "chord": 5.41679269458121, "span": 43.33434155664968}}, "7000L": {"weights": {"wto": 42046.767426808256, "wpl": 7000.0, "wf": 11267.789183930483,