{"2000L": {"weights": {"wto": 8596.797750654105, "wpl": 2000.0, "wf": 1954.3888892362868, "we": 4726.8694070240235}, "velocities": {"loiter": 44.0, "cruise": 80.0}, "performance": {"range": 1200.0, "endurance": 6.0, "bankangle": 0.7853981633974483, "n_engines": 2, "steady": {"RC": 8.794462292768904, "Pr": 726113.5381436403, "Pa": 1467537.6}, "turning": {"Pr": 726113.5381436403, "Pa": 1467537.6, "RC": 6.218623924106284}, "loadfactor": 1.414213562373095, "engine": {"Model": "TPE331-10N-531S", "Pa": 733768.8, "Weight": 172.36496, "SFC": 0.33455256331299, "Size": [1.1683999999999999, 0.6604]}}, "aerodynamics": {"CL_max": 2.1, "Cd0": 0.04, "oswald": 0.7, "CL_clean": 1.4849242404917498}, "wing": {"AR": 8.0, "area": 47.878621980402336, "chord": 2.4463907593739584, "span": 19.571126074991668}}, "2500L": {"weights": {"wto": 11299.289855933908, "wpl": 2500.0, "wf": 2681.6049506303216, "we": 6246.811618687161}, "velocities": {"loiter": 44.0, "cruise": 80.0}, "performance": {"range": 1200.0, "endurance": 6.0, "bankangle": 0.7853981633974483, "n_engines": 2, "steady": {"RC": 6.8787933396406435, "Pr": 954374.8234833664, "Pa": 1716601.4}, "turning": {"Pr": 954374.8234833664, "Pa": 1716601.4, "RC": 4.864041416840758}, "loadfactor": 1.414213562373095, "engine": {"Model": "TPE331-12", "Pa": 858300.7, "Weight": 181.4368, "SFC": 0.3175207964534196, "Size": [1.1683999999999999, 0.6604]}}, "aerodynamics": {"CL_max": 2.1, "Cd0": 0.04, "oswald": 0.7, "CL_clean": 1.48492424049175}, "wing": {"AR": 8.0, "area": 62.929760981999564, "chord": 2.8046782565474326, "span": 22.43742605237946}}, "3000L": {"weights": {"wto": 13407.550411865323, "wpl": 3000.0, "wf": 3045.0588030740582, "we": 7494.783119239166}, "velocities": {"loiter": 44.0, "cruise": 80.0}, "performance": {"range": 1200.0, "endurance": 6.0, "bankangle": 0.7853981633974483, "n_engines": 2, "steady": {"RC": 8.401491655731878, "Pr": 1132445.3767285626, "Pa": 2237100.0}, "turning": {"Pr": 1132445.3767285626, "Pa": 2237100.0, "RC": 5.940751721850207}, "loadfactor": 1.414213562373095, "engine": {"Model": "T5317A", "Pa": 1118550.0, "Weight": 255.825888, "SFC": 0.35888365882666196, "Size": [1.20904, 0.5841999999999999]}}, "aerodynamics": {"CL_max": 2.1, "Cd0": 0.04, "oswald": 0.7, "CL_clean": 1.4849242404917502}, "wing": {"AR": 8.0, "area": 74.6714132950312, "chord": 3.055147567938233, "span": 24.441180543505865}}, "3500L": {"weights": {"wto": 18588.747628192385, "wpl": 3500.0, "wf": 4835.394998382566, "we": 10445.792865245538}, "velocities": {"loiter": 44.0, "cruise": 80.0}, "performance": {"range": 1200.0, "endurance": 6.0, "bankangle": 0.7853981633974483, "n_engines": 2, "steady": {"RC": 9.222420376012384, "Pr": 1570066.168991702, "Pa": 3251252.0}, "turning": {"Pr": 1570066.168991702, "Pa": 3251252.0, "RC": 6.521235986831346}, "loadfactor": 1.414213562373095, "engine": {"Model": "PW119B", "Pa": 1625626.0, "Weight": 415.490272, "SFC": 0.298055920042482, "Size": [2.0574, 0.7874]}}, "aerodynamics": {"CL_max": 2.1, "Cd0": 0.04, "oswald": 0.7, "CL_clean": 1.4849242404917502}, "wing": {"AR": 8.0, "area": 103.52734199331441, "chord": 3.597348711087695, "span": 28.77878968870156}}, "4000L": {"weights": {"wto": 19965.730537516618, "wpl": 4000.0, "wf": 4893.2864592816095, "we": 11279.87664349284}, "velocities": {"loiter": 44.0, "cruise": 80.0}, "performance": {"range": 1200.0, "endurance": 6.0, "bankangle": 0.7853981633974483, "n_engines": 2, "steady": {"RC": 8.525564511496373, "Pr": 1686370.630403123, "Pa": 3355650.0}, "turning": {"Pr": 1686370.630403123, "Pa": 3355650.0, "RC": 6.0284844795224615}, "loadfactor": 1.414213562373095, "engine": {"Model": "LTC 4B-8D", "Pa": 1677825.0, "Weight": 274.42316, "SFC": 0.383214754340334, "Size": [1.1176, 0.6095999999999999]}}, "aerodynamics": {"CL_max": 2.1, "Cd0": 0.04, "oswald": 0.7, "CL_clean": 1.4849242404917502}, "wing": {"AR": 8.0, "area": 111.19624919588216, "chord": 3.7282074981799593, "span": 29.825659985439675}}, "4500L": {"weights": {"wto": 23167.837233906623, "wpl": 4500.0, "wf": 5756.977738678099, "we": 13152.51664201942}, "velocities": {"loiter": 44.0, "cruise": 80.0}, "performance": {"range": 1200.0, "endurance": 6.0, "bankangle": 0.7853981633974483, "n_engines": 2, "steady": {"RC": 10.620523763613676, "Pr": 1956830.991373262, "Pa": 4369802.000000001}, "turning": {"Pr": 1956830.991373262, "Pa": 4369802.000000001, "RC": 7.509844373004105}, "loadfactor": 1.414213562373095, "engine": {"Model": "T5508D", "Pa": 2184901.0000000005, "Weight": 274.42316, "SFC": 0.36010021360234556, "Size": [1.1176, 0.6095999999999999]}}, "aerodynamics": {"CL_max": 2.1, "Cd0": 0.04, "oswald": 0.7, "CL_clean": 1.4849242404917502}, "wing": {"AR": 8.0, "area": 129.02991941869354, "chord": 4.0160602494654745, "span": 32.128481995723796}}, "5000L": {"weights": {"wto": 26908.937738558925, "wpl": 5000.0, "wf": 6924.425497362438, "we": 15301.042679080914}, "velocities": {"loiter": 44.0, "cruise": 80.0}, "performance": {"range": 1200.0, "endurance": 6.0, "bankangle": 0.7853981633974483, "n_engines": 2, "steady": {"RC": 7.946542179032603, "Pr": 2272816.524914208, "Pa": 4369802.000000001}, "turning": {"Pr": 2272816.524914208, "Pa": 4369802.000000001, "RC": 5.619053861778878}, "loadfactor": 1.414213562373095, "engine": {"Model": "T5508D", "Pa": 2184901.0000000005, "Weight": 274.42316, "SFC": 0.36010021360234556, "Size": [1.1176, 0.6095999999999999]}}, "aerodynamics": {"CL_max": 2.1, "Cd0": 0.04, "oswald": 0.7, "CL_clean": 1.4849242404917502}, "wing": {"AR": 8.0, "area": 149.86543771843617, "chord": 4.328184343902708, "span": 34.62547475122167}}, "5500L": {"weights": {"wto": 32859.626617937945, "wpl": 5500.0, "wf": 8878.933539760694, "we": 18823.61622408599}, "velocities": {"loiter": 44.0, "cruise": 80.0}, "performance": {"range": 1200.0, "endurance": 6.0, "bankangle": 0.7853981633974483, "n_engines": 2, "steady": {"RC": 12.630520173133453, "Pr": 2775431.0893046698, "Pa": 6845526.0}, "turning": {"Pr": 2775431.0893046698, "Pa": 6845526.0, "RC": 8.93112646433615}, "loadfactor": 1.414213562373095, "engine": {"Model": "501-D22A", "Pa": 3422763.0, "Weight": 831.887728, "SFC": 0.316304241677736, "Size": [3.7083999999999997, 1.13284]}}, "aerodynamics": {"CL_max": 2.1, "Cd0": 0.04, "oswald": 0.7, "CL_clean": 1.48492424049175}, "wing": {"AR": 8.0, "area": 183.0069389660483, "chord": 4.78287229295912, "span": 38.26297834367296}}, "6000L": {"weights": {"wto": 33620.3514349885, "wpl": 6000.0, "wf": 8736.311787867386, "we": 19273.750643347263}, "velocities": {"loiter": 44.0, "cruise": 80.0}, "performance": {"range": 1200.0, "endurance": 6.0, "bankangle": 0.7853981633974483, "n_engines": 2, "steady": {"RC": 12.149848133711435, "Pr": 2839684.385064736, "Pa": 6845526.0}, "turning": {"Pr": 2839684.385064736, "Pa": 6845526.0, "RC": 8.591240005734075}, "loadfactor": 1.414213562373095, "engine": {"Model": "501-D22A", "Pa": 3422763.0, "Weight": 831.887728, "SFC": 0.316304241677736, "Size": [3.7083999999999997, 1.13284]}}, "aerodynamics": {"CL_max": 2.1, "Cd0": 0.04, "oswald": 0.7, "CL_clean": 1.4849242404917502}, "wing": {"AR": 8.0, "area": 187.24368583425314, "chord": 4.837919049475884, "span": 38.70335239580707}}, "6500L": {"weights": {"wto": 42147.273406828564, "wpl": 6500.0, "wf": 11870.825064052347, "we": 24266.963196818215}, "velocities": {"loiter": 44.0, "cruise": 80.0}, "performance": {"range": 1200.0, "endurance": 6.0, "bankangle": 0.7853981633974483, "n_engines": 2, "steady": {"RC": 6.368852577838245, "Pr": 3559895.987341461, "Pa": 6192292.8}, "turning": {"Pr": 3559895.987341461, "Pa": 6192292.8, "RC": 4.503458846166848}, "loadfactor": 1.414213562373095, "engine": {"Model": "AE 2100A", "Pa": 3096146.4, "Weight": 744.344472, "SFC": 0.279807598407228, "Size": [2.9972, 0.72898]}}, "aerodynamics": {"CL_max": 2.1, "Cd0": 0.04, "oswald": 0.7, "CL_clean": 1.4849242404917498}, "wing": {"AR": 8.0, "area": 234.73314476854694, "chord": 5.41679269458121, "span": 43.33434155664968}}, "7000L": {"weights": {"wto": 42046.767426808256,