{
  "2000L": {
    "weights": {
      "wto": 7287.216928147766,
      "wpl": 2000.0,
      "wf": 1974.3385132225612,
      "we": 3373.2223722349045
    },
    "velocities": {
      "loiter": 44.0,
      "cruise": 80.0
    },
    "performance": {
      "range": 1200.0,
      "endurance": 6.0,
      "bankangle": 0.7853981633974483,
      "n_engines": 1,
      "steady": {
        "RC": 6.246219195723061,
        "Pr": 615502.0765162238,
        "Pa": 1061876.8
      },
      "turning": {
        "Pr": 615502.0765162238,
        "Pa": 1061876.8,
        "RC": 4.416743950073359
      },
      "loadfactor": 1.414213562373095,
      "engine": {
        "Model": "PT6A-67R",
        "Pa": 1061876.8,
        "Weight": 233.59987999999998,
        "SFC": 0.316304241677736,
        "Size": [
          1.9304,
          0.4826
        ]
      }
    },
    "aerodynamics": {
      "CL_max": 2.1,
      "Cd0": 0.04,
      "oswald": 0.7,
      "CL_clean": 1.48492424049175
    },
    "wing": {
      "AR": 8.0,
      "area": 40.585100954064984,
      "chord": 2.252362674894548,
      "span": 18.018901399156384
    }
  },
  "2500L": {
    "weights": {
      "wto": 9118.637055212223,
      "wpl": 2500.0,
      "wf": 2573.0883373413867,
      "we": 4117.768126551274
    },
    "velocities": {
      "loiter": 44.0,
      "cruise": 80.0
    },
    "performance": {
      "range": 1200.0,
      "endurance": 6.0,
      "bankangle": 0.7853981633974483,
      "n_engines": 1,
      "steady": {
        "RC": 6.038753018183187,
        "Pr": 770189.7854586687,
        "Pa": 1310194.9
      },
      "turning": {
        "Pr": 770189.7854586687,
        "Pa": 1310194.9,
        "RC": 4.270043209068063
      },
      "loadfactor": 1.414213562373095,
      "engine": {
        "Model": "Makila 1A",
        "Pa": 1310194.9,
        "Weight": 242.67172,
        "SFC": 0.30170558436953276,
        "Size": [
          1.3944599999999998,
          0.51562
        ]
      }
    },
    "aerodynamics": {
      "CL_max": 2.1,
      "Cd0": 0.04,
      "oswald": 0.7,
      "CL_clean": 1.4849242404917502
    },
    "wing": {
      "AR": 8.0,
      "area": 50.78493052948424,
      "chord": 2.51954684738854,
      "span": 20.15637477910832
    }
  },
  "3000L": {
    "weights": {
      "wto": 11743.0982791652,
      "wpl": 3000.0,
      "wf": 3716.6021353937567,
      "we": 5126.958685459094
    },
    "velocities": {
      "loiter": 44.0,
      "cruise": 80.0
    },
    "performance": {
      "range": 1200.0,
      "endurance": 6.0,
      "bankangle": 0.7853981633974483,
      "n_engines": 1,
      "steady": {
        "RC": 6.086105453251669,
        "Pr": 991860.3284117454,
        "Pa": 1692739.0
      },
      "turning": {
        "Pr": 991860.3284117454,
        "Pa": 1692739.0,
        "RC": 4.303526437010682
      },
      "loadfactor": 1.414213562373095,
      "engine": {
        "Model": "T700-GE-T6E",
        "Pa": 1692739.0,
        "Weight": 240.857352,
        "SFC": 0.2639923863233412,
        "Size": [
          1.22428,
          0.635
        ]
      }
    },
    "aerodynamics": {
      "CL_max": 2.1,
      "Cd0": 0.04,
      "oswald": 0.7,
      "CL_clean": 1.48492424049175
    },
    "wing": {
      "AR": 8.0,
      "area": 65.40148782075096,
      "chord": 2.859228213625815,
      "span": 22.87382570900652
    }
  },
  "3500L": {
    "weights": {
      "wto": 12271.474861309818,
      "wpl": 3500.0,
      "wf": 3508.048509069355,
      "we": 5363.661339234632
    },
    "velocities": {
      "loiter": 44.0,
      "cruise": 80.0
    },
    "performance": {
      "range": 1200.0,
      "endurance": 6.0,
      "bankangle": 0.7853981633974483,
      "n_engines": 1,
      "steady": {
        "RC": 6.134823277629197,
        "Pr": 1036488.7354839116,
        "Pa": 1774766.0
      },
      "turning": {
        "Pr": 1036488.7354839116,
        "Pa": 1774766.0,
        "RC": 4.337975140992687
      },
      "loadfactor": 1.414213562373095,
      "engine": {
        "Model": "PW123",
        "Pa": 1774766.0,
        "Weight": 449.963264,
        "SFC": 0.28589037228564596,
        "Size": [
          2.1336,
          0.8382
        ]
      }
    },
    "aerodynamics": {
      "CL_max": 2.1,
      "Cd0": 0.04,
      "oswald": 0.7,
      "CL_clean": 1.48492424049175
    },
    "wing": {
      "AR": 8.0,
      "area": 68.34420479206442,
      "chord": 2.922845462731147,
      "span": 23.382763701849175
    }
  },
  "4000L": {
    "weights": {
      "wto": 16695.61690736618,
      "wpl": 4000.0,
      "wf": 5869.02029098862,
      "we": 6975.858198014987
    },
    "velocities": {
      "loiter": 44.0,
      "cruise": 80.0
    },
    "performance": {
      "range": 1200.0,
      "endurance": 6.0,
      "bankangle": 0.7853981633974483,
      "n_engines": 1,
      "steady": {
        "RC": 6.872455084082101,
        "Pr": 1410166.182306201,
        "Pa": 2535380.0
      },
      "turning": {
        "Pr": 1410166.182306201,
        "Pa": 2535380.0,
        "RC": 4.859559593354418
      },
      "loadfactor": 1.414213562373095,
      "engine": {
        "Model": "T64-GE-P4D-1",
        "Pa": 2535380.0,
        "Weight": 538.867296,
        "SFC": 0.29197314616406395,
        "Size": [
          2.794,
          0.51054
        ]
      }
    },
    "aerodynamics": {
      "CL_max": 2.1,
      "Cd0": 0.04,
      "oswald": 0.7,
      "CL_clean": 1.48492424049175
    },
    "wing": {
      "AR": 8.0,
      "area": 92.98382418925442,
      "chord": 3.4092488943544152,
      "span": 27.273991154835322
    }
  },
  "4500L": {
    "weights": {
      "wto": 17951.521754458685,
      "wpl": 4500.0,
      "wf": 6153.303499247771,
      "we": 7456.124266174486
    },
    "velocities": {
      "loiter": 44.0,
      "cruise": 80.0
    },
    "performance": {
      "range": 1200.0,
      "endurance": 6.0,
      "bankangle": 0.7853981633974483,
      "n_engines": 1,
      "steady": {
        "RC": 6.149137235710489,
        "Pr": 1516243.9962253082,
        "Pa": 2598764.5
      },
      "turning": {
        "Pr": 1516243.9962253082,
        "Pa": 2598764.5,
        "RC": 4.348096637817589
      },
      "loadfactor": 1.414213562373095,
      "engine": {
        "Model": "T64-GE-16A",
        "Pa": 2598764.5,
        "Weight": 326.58624,
        "SFC": 0.29197314616406395,
        "Size": [
          2.0065999999999997,
          0.61468
        ]
      }
    },
    "aerodynamics": {
      "CL_max": 2.1,
      "Cd0": 0.04,
      "oswald": 0.7,
      "CL_clean": 1.48492424049175
    },
    "wing": {
      "AR": 8.0,
      "area": 99.97840463203869,
      "chord": 3.5351521295419293,
      "span": 28.281217036335434
    }
  },
  "5000L": {
    "weights": {
      "wto": 16955.401030463352,
      "wpl": 5000.0,
      "wf": 5070.108000741449,
      "we": 7084.895664408854
    },
    "velocities": {
      "loiter": 44.0,
      "cruise": 80.0
    },
    "performance": {
      "range": 1200.0,
      "endurance": 6.0,
      "bankangle": 0.7853981633974483,
      "n_engines": 1,
      "steady": {
        "RC": 6.6351951241704805,
        "Pr": 1432108.3954705477,
        "Pa": 2535380.0
      },
      "turning": {
        "Pr": 1432108.3954705477,
        "Pa": 2535380.0,
        "RC": 4.691791466796864
      },
      "loadfactor": 1.414213562373095,
      "engine": {
        "Model": "T64-GE-P4D-1",
        "Pa": 2535380.0,
        "Weight": 538.867296,
        "SFC": 0.29197314616406395,
        "Size": [
          2.794,
          0.51054
        ]
      }
    },
    "aerodynamics": {
      "CL_max": 2.1,
      "Cd0": 0.04,
      "oswald": 0.7,
      "CL_clean": 1.48492424049175
    },
    "wing": {
      "AR": 8.0,
      "area": 94.4306542982137,
      "chord": 3.435670500393877,
      "span": 27.485364003151016
    }
  },
  "5500L": {
    "weights": {
      "wto": 20248.144710076096,
      "wpl": 5500.0,
      "wf": 6587.77149463848,
      "we": 8332.467910361567
    },
    "velocities": {
      "loiter": 44.0,