{"2000L": {"weights": {"wto": 7287.216928147766, "wpl": 2000.0, "wf": 1974.3385132225612, "we": 3373.2223722349045}, "velocities": {"loiter": 44.0, "cruise": 80.0}, "performance": {"range": 1200.0, "endurance": 6.0, "bankangle": 0.7853981633974483, "n_engines": 1, "steady": {"RC": 9.366207441812836, "Pr": 615502.0765162238, "Pa": 1284841.1}, "turning": {"Pr": 615502.0765162238, "Pa": 1284841.1, "RC": 6.622908796105762}, "loadfactor": 1.414213562373095, "engine": {"Model": "TPE331-14GR-802H", "Pa": 1284841.1, "Weight": 281.22704, "SFC": 0.310221467799318, "Size": [1.3461999999999998, 0.8128]}}, "aerodynamics": {"CL_max": 2.1, "Cd0": 0.04, "oswald": 0.7, "CL_clean": 1.48492424049175}, "wing": {"AR": 8.0, "area": 40.585100954064984, "chord": 2.252362674894548, "span": 18.018901399156384}}, "2500L": {"weights": {"wto": 9118.637055212223, "wpl": 2500.0, "wf": 2573.0883373413867, "we": 4117.768126551274}, "velocities": {"loiter": 44.0, "cruise": 80.0}, "performance": {"range": 1200.0, "endurance": 6.0, "bankangle": 0.7853981633974483, "n_engines": 1, "steady": {"RC": 9.56614647402434, "Pr": 770189.7854586687, "Pa": 1625626.0}, "turning": {"Pr": 770189.7854586687, "Pa": 1625626.0, "RC": 6.764287041606392}, "loadfactor": 1.414213562373095, "engine": {"Model": "PW119B", "Pa": 1625626.0, "Weight": 415.490272, "SFC": 0.298055920042482, "Size": [2.0574, 0.7874]}}, "aerodynamics": {"CL_max": 2.1, "Cd0": 0.04, "oswald": 0.7, "CL_clean": 1.4849242404917502}, "wing": {"AR": 8.0, "area": 50.78493052948424, "chord": 2.51954684738854, "span": 20.15637477910832}}, "3000L": {"weights": {"wto": 11743.0982791652, "wpl": 3000.0, "wf": 3716.6021353937567, "we": 5126.958685459094}, "velocities": {"loiter": 44.0, "cruise": 80.0}, "performance": {"range": 1200.0, "endurance": 6.0, "bankangle": 0.7853981633974483, "n_engines": 1, "steady": {"RC": 8.870490081861195, "Pr": 991860.3284117454, "Pa": 2013390.0}, "turning": {"Pr": 991860.3284117454, "Pa": 2013390.0, "RC": 6.272383689332065}, "loadfactor": 1.414213562373095, "engine": {"Model": "CTP800-4T", "Pa": 2013390.0, "Weight": 517.09488, "SFC": 0.28589037228564596, "Size": [1.7526, 1.27]}}, "aerodynamics": {"CL_max": 2.1, "Cd0": 0.04, "oswald": 0.7, "CL_clean": 1.48492424049175}, "wing": {"AR": 8.0, "area": 65.40148782075096, "chord": 2.859228213625815, "span": 22.87382570900652}}, "3500L": {"weights": {"wto": 12271.474861309818, "wpl": 3500.0, "wf": 3508.048509069355, "we": 5363.661339234632}, "velocities": {"loiter": 44.0, "cruise": 80.0}, "performance": {"range": 1200.0, "endurance": 6.0, "bankangle": 0.7853981633974483, "n_engines": 1, "steady": {"RC": 6.878403708126672, "Pr": 1036488.7354839116, "Pa": 1864250.0}, "turning": {"Pr": 1036488.7354839116, "Pa": 1864250.0, "RC": 4.863765905755064}, "loadfactor": 1.414213562373095, "engine": {"Model": "PW123B", "Pa": 1864250.0, "Weight": 449.963264, "SFC": 0.2816324305707534, "Size": [2.1336, 0.8382]}}, "aerodynamics": {"CL_max": 2.1, "Cd0": 0.04, "oswald": 0.7, "CL_clean": 1.48492424049175}, "wing": {"AR": 8.0, "area": 68.34420479206442, "chord": 2.922845462731147, "span": 23.382763701849175}}, "4000L": {"weights": {"wto": 16695.61690736618, "wpl": 4000.0, "wf": 5869.02029098862, "we": 6975.858198014987}, "velocities": {"loiter": 44.0, "cruise": 80.0}, "performance": {"range": 1200.0, "endurance": 6.0, "bankangle": 0.7853981633974483, "n_engines": 1, "steady": {"RC": 12.292313704710587, "Pr": 1410166.182306201, "Pa": 3422763.0}, "turning": {"Pr": 1410166.182306201, "Pa": 3422763.0, "RC": 8.691978377073188}, "loadfactor": 1.414213562373095, "engine": {"Model": "501-D22A", "Pa": 3422763.0, "Weight": 831.887728, "SFC": 0.316304241677736, "Size": [3.7083999999999997, 1.13284]}}, "aerodynamics": {"CL_max": 2.1, "Cd0": 0.04, "oswald": 0.7, "CL_clean": 1.48492424049175}, "wing": {"AR": 8.0, "area": 92.98382418925442, "chord": 3.4092488943544152, "span": 27.273991154835322}}, "4500L": {"weights": {"wto": 17951.521754458685, "wpl": 4500.0, "wf": 6153.303499247771, "we": 7456.124266174486}, "velocities": {"loiter": 44.0, "cruise": 80.0}, "performance": {"range": 1200.0, "endurance": 6.0, "bankangle": 0.7853981633974483, "n_engines": 1, "steady": {"RC": 10.829769002824042, "Pr": 1516243.9962253082, "Pa": 3422763.0}, "turning": {"Pr": 1516243.9962253082, "Pa": 3422763.0, "RC": 7.657803100580756}, "loadfactor": 1.414213562373095, "engine": {"Model": "501-D22A", "Pa": 3422763.0, "Weight": 831.887728, "SFC": 0.316304241677736, "Size": [3.7083999999999997, 1.13284]}}, "aerodynamics": {"CL_max": 2.1, "Cd0": 0.04, "oswald": 0.7, "CL_clean": 1.48492424049175}, "wing": {"AR": 8.0, "area": 99.97840463203869, "chord": 3.5351521295419293, "span": 28.281217036335434}}, "5000L": {"weights": {"wto": 16955.401030463352, "wpl": 5000.0, "wf": 5070.108000741449, "we": 7084.895664408854}, "velocities": {"loiter": 44.0, "cruise": 80.0}, "performance": {"range": 1200.0, "endurance": 6.0, "bankangle": 0.7853981633974483, "n_engines": 1, "steady": {"RC": 11.9720127588299, "Pr": 1432108.3954705477, "Pa": 3422763.0}, "turning": {"Pr": 1432108.3954705477, "Pa": 3422763.0, "RC": 8.46549140622049}, "loadfactor": 1.414213562373095, "engine": {"Model": "501-D22A", "Pa": 3422763.0, "Weight": 831.887728, "SFC": 0.316304241677736, "Size": [3.7083999999999997, 1.13284]}}, "aerodynamics": {"CL_max": 2.1, "Cd0": 0.04, "oswald": 0.7, "CL_clean": 1.48492424049175}, "wing": {"AR": 8.0, "area": 94.4306542982137, "chord": 3.435670500393877, "span": 27.485364003151016}}, "5500L": {"weights": {"wto": 20248.144710076096, "wpl": 5500.0, "wf": 6587.77149463848, "we": 8332.467910361567}, "velocities": {"loiter": 44.0, "cruise": 80.0}, "performance": {"range": 1200.0, "endurance": 6.0, "bankangle": 0.7853981633974483, "n_engines": 1, "steady": {"RC": 6.979638407563386, "Pr": 1710224.251252057, "Pa": 3096146.4}, "turning": {"Pr": 1710224.251252057, "Pa": 3096146.4, "RC": 4.935349648218147}, "loadfactor": 1.414213562373095, "engine": {"Model": "AE 2100A", "Pa": 3096146.4, "Weight": 744.344472, "SFC": 0.279807598407228, "Size": [2.9972, 0.72898]}}, "aerodynamics": {"CL_max": 2.1, "Cd0": 0.04, "oswald": 0.7, "CL_clean": 1.48492424049175}, "wing": {"AR": 8.0, "area": 112.76911409303001, "chord": 3.7544825557763284, "span": 30.035860446210627}}, "6000L": {"weights": {"wto": 20153.132043233727, "wpl": 6000.0, "wf": 6017.695493584256, "we": 8319.999577467494}, "velocities": {"loiter": 44.0, "cruise": 80.0}, "performance": {"range": 1200.0, "endurance": 6.0, "bankangle": 0.7853981633974483, "n_engines": 1, "steady": {"RC": 7.0531497805328085, "Pr": 1702199.171950392, "Pa": 3096146.4}, "turning": {"Pr": 1702199.171950392, "Pa": 3096146.4, "RC": 4.987330038539159}, "loadfactor": 1.414213562373095, "engine": {"Model": "AE 2100A", "Pa": 3096146.4, "Weight": 744.344472, "SFC": 0.279807598407228, "Size": [2.9972, 0.72898]}}, "aerodynamics": {"CL_max": 2.1, "Cd0": 0.04, "oswald": 0.7, "CL_clean": 1.48492424049175}, "wing": {"AR": 8.0, "area": 112.23995478382683, "chord": 3.745663405590304, "span": 29.965307244722432}}, "6500L": {"weights": {"wto": 19524.17465580075, "wpl": 6500.0, "wf": 5046.416943762471, "we": 8148.123923296716}, "velocities": {"loiter": 44.0, "cruise": 80.0}, "performance": {"range": 1200.0, "endurance": 6.0, "bankangle": 0.7853981633974483, "n_engines": 1, "steady": {"RC": 7.557818980428379, "Pr": 1649075.3824677567, "Pa": 3096146.4}, "turning": {"Pr": 1649075.3824677567, "Pa": 3096146.4, "RC": 5.344185052041306}, "loadfactor": 1.414213562373095, "engine": {"Model": "AE 2100A", "Pa": 3096146.4, "Weight": 744.344472, "SFC": 0.279807598407228, "Size": [2.9972, 0.72898]}}, "aerodynamics": {"CL_max": 2.1, "Cd0": 0.04, "oswald": 0.7, "CL_clean": 1.4849242404917502}, "wing": {"AR": 8.0, "area": 108.73706756138475, "chord": 3.6867510690543095, "span": 29.494008552434476}}, "7000L": {"weights": {"wto": 22785.59867680542, "wpl": 7000.0, "wf": 6713.54750984555, "we": 9285.651108636574}, "velocities": {"loiter": 44.0, "cruise": 80.0},