{
  "3000L": {
    "weights": {
      "wto": 11444.449209560842,
      "wpl": 3000.0,
      "wf": 3552.561072391928,
      "we": 5002.468955599761
    },
    "velocities": {
      "loiter": 44.0,
      "cruise": 80.0
    },
    "performance": {
      "range": 1200.0,
      "endurance": 6.0,
      "bankangle": 0.7853981633974483,
      "Pa": 1061000.0,
      "loadfactor": 1.414213562373095,
      "Pr": 868427.2115875903,
      "RC_max": -4.836710496989689,
      "RC_clean": 1.7158501114973064
    },
    "aerodynamics": {
      "CL_max": 2.1,
      "Cd0": 0.04,
      "oswald": 0.7,
      "CL_clean": 1.48492424049175
    },
    "wing": {
      "span": 17,
      "area": 63.73820501206816,
      "chord": 3.74930617718048,
      "AR": 4.534172243245333
    }
  },
  "3500L": {
    "weights": {
      "wto": 12274.214272940968,
      "wpl": 3500.0,
      "wf": 3524.484978856248,
      "we": 5356.812810156758
    },
    "velocities": {
      "loiter": 44.0,
      "cruise": 80.0
    },
    "performance": {
      "range": 1200.0,
      "endurance": 6.0,
      "bankangle": 0.7853981633974483,
      "Pa": 1061000.0,
      "loadfactor": 1.414213562373095,
      "Pr": 988576.8760686888,
      "RC_max": -6.425969321335304,
      "RC_clean": 0.6016762623256104
    },
    "aerodynamics": {
      "CL_max": 2.1,
      "Cd0": 0.04,
      "oswald": 0.7,
      "CL_clean": 1.4849242404917498
    },
    "wing": {
      "span": 17,
      "area": 68.35946154902682,
      "chord": 4.021144797001577,
      "AR": 4.227651790275318
    }
  },
  "4000L": {
    "weights": {
      "wto": 13535.680406366502,
      "wpl": 4000.0,
      "wf": 3813.8387700811268,
      "we": 5845.632333044256
    },
    "velocities": {
      "loiter": 44.0,
      "cruise": 80.0
    },
    "performance": {
      "range": 1200.0,
      "endurance": 6.0,
      "bankangle": 0.7853981633974483,
      "Pa": 1061000.0,
      "loadfactor": 1.414213562373095,
      "Pr": 1186048.716896244,
      "RC_max": -8.691962363091395,
      "RC_clean": -0.9420598019676265
    },
    "aerodynamics": {
      "CL_max": 2.1,
      "Cd0": 0.04,
      "oswald": 0.7,
      "CL_clean": 1.48492424049175
    },
    "wing": {
      "span": 17,
      "area": 75.38501477188419,
      "chord": 4.434412633640246,
      "AR": 3.8336531587148572
    }
  },
  "4500L": {
    "weights": {
      "wto": 16588.96628446738,
      "wpl": 4500.0,
      "wf": 5229.116553595814,
      "we": 6992.4847552619885
    },
    "velocities": {
      "loiter": 44.0,
      "cruise": 80.0
    },
    "performance": {
      "range": 1200.0,
      "endurance": 6.0,
      "bankangle": 0.7853981633974483,
      "Pa": 1061000.0,
      "loadfactor": 1.414213562373095,
      "Pr": 1737985.5344929225,
      "RC_max": -13.659471677841863,
      "RC_clean": -4.161399291771037
    },
    "aerodynamics": {
      "CL_max": 2.1,
      "Cd0": 0.04,
      "oswald": 0.7,
      "CL_clean": 1.48492424049175
    },
    "wing": {
      "span": 17,
      "area": 92.38984896663649,
      "chord": 5.434696998037441,
      "AR": 3.1280492741617394
    }
  },
  "5000L": {
    "weights": {
      "wto": 19310.75175287785,
      "wpl": 5000.0,
      "wf": 6499.9924772260865,
      "we": 7973.6240220629725
    },
    "velocities": {
      "loiter": 44.0,
      "cruise": 80.0
    },
    "performance": {
      "range": 1200.0,
      "endurance": 6.0,
      "bankangle": 0.7853981633974483,
      "Pa": 1061000.0,
      "loadfactor": 1.414213562373095,
      "Pr": 2318254.41722815,
      "RC_max": -17.695450318546666,
      "RC_clean": -6.639009860890582
    },
    "aerodynamics": {
      "CL_max": 2.1,
      "Cd0": 0.04,
      "oswald": 0.7,
      "CL_clean": 1.48492424049175
    },
    "wing": {
      "span": 17,
      "area": 107.5484395643811,
      "chord": 6.326378797904771,
      "AR": 2.687161256551729
    }
  },
  "5500L": {
    "weights": {
      "wto": 18716.739033169102,
      "wpl": 5500.0,
      "wf": 5603.343428242856,
      "we": 7785.932519860961
    },
    "velocities": {
      "loiter": 44.0,
      "cruise": 80.0
    },
    "performance": {
      "range": 1200.0,
      "endurance": 6.0,
      "bankangle": 0.7853981633974483,
      "Pa": 1061000.0,
      "loadfactor": 1.414213562373095,
      "Pr": 2184517.6267507286,
      "RC_max": -16.83743006661012,
      "RC_clean": -6.121093730771641
    },
    "aerodynamics": {
      "CL_max": 2.1,
      "Cd0": 0.04,
      "oswald": 0.7,
      "CL_clean": 1.48492424049175
    },
    "wing": {
      "span": 17,
      "area": 104.24017161585084,
      "chord": 6.131774800932402,
      "AR": 2.772443632048419
    }
  },
  "6000L": {
    "weights": {
      "wto": 21815.411195612258,
      "wpl": 6000.0,
      "wf": 7156.553264346253,
      "we": 8873.49272687541
    },
    "velocities": {
      "loiter": 44.0,
      "cruise": 80.0
    },
    "performance": {
      "range": 1200.0,
      "endurance": 6.0,
      "bankangle": 0.7853981633974483,
      "Pa": 1591000.0,
      "loadfactor": 1.414213562373095,
      "Pr": 2925734.059686452,
      "RC_max": -18.72943015761313,
      "RC_clean": -6.238937916283117
    },
    "aerodynamics": {
      "CL_max": 2.1,
      "Cd0": 0.04,
      "oswald": 0.7,
      "CL_clean": 1.48492424049175
    },
    "wing": {
      "span": 17,
      "area": 121.49777815841763,
      "chord": 7.146928126965743,
      "AR": 2.3786443207478314
    }
  },
  "6500L": {
    "weights": {
      "wto": 22298.08360574253,
      "wpl": 6500.0,
      "wf": 6959.189877394707,
      "we": 9065.154692733111
    },
    "velocities": {
      "loiter": 44.0,
      "cruise": 80.0
    },
    "performance": {
      "range": 1200.0,
      "endurance": 6.0,
      "bankangle": 0.7853981633974483,
      "Pa": 1591000.0,
      "loadfactor": 1.414213562373095,
      "Pr": 3050897.3799681193,
      "RC_max": -19.44312148210224,
      "RC_clean": -6.676273414160593
    },
    "aerodynamics": {
      "CL_max": 2.1,
      "Cd0": 0.04,
      "oswald": 0.7,
      "CL_clean": 1.4849242404917502
    },
    "wing": {
      "span": 17,
      "area": 124.1859523524934,
      "chord": 7.305056020734906,
      "AR": 2.3271553225254746
    }
  },
  "7000L": {
    "weights": {
      "wto": 21607.726430710798,
      "wpl": 7000.0,
      "wf": 5910.444674937488,
      "we": 8892.704639129066
    },
    "velocities": {
      "loiter": 44.0,
      "cruise": 80.0
    },
    "performance": {
      "range": 1200.0,
      "endurance": 6.0,
      "bankangle": 0.7853981633974483,
      "Pa": 1591000.0,
      "loadfactor": 1.414213562373095,
      "Pr": 2872683.697707255,
      "RC_max": -18.420129310961226,
      "RC_clean": -6.048547729686324
    },
    "aerodynamics": {
      "CL_max": 2.1,
      "Cd0": 0.04,
      "oswald": 0.7,
      "CL_clean": 1.48492424049175
    },
    "wing": {
      "span": 17,
      "area": 120.34110789139302,
      "chord": 7.0788886994937075,
      "AR": 2.4015068920656804
    }
  },
  "7500L": {
    "weights": {
      "wto": 23306.791851465387,
      "wpl": 7500.0,
      "wf": 6590.705444030689,
      "we": 9463.91091251725
    },
    "velocities": {
      "loiter": 44.0,
      "cruise": 80.0
    },
    "performance": {
      "range": 1200.0,
      "endurance": 6.0,
      "bankangle": 0.7853981633974483,
      "Pa": 1591000.0,
      "loadfactor": 1.414213562373095,
      "Pr": 3320915.5030804574,
      "RC_max": -20.91309503235327,
      "RC_clean": -7.5687074257802704
    },
    "aerodynamics": {
      "CL_max": 2.1,
      "Cd0": 0.04,
      "oswald": 0.7,
      "CL_clean": 1.48492424049175
    },
    "wing": {
      "span": 17,
      "area": 129.80380706843164,
      "chord": 7.63551806284892,
      "AR": 2.2264370092599925
    }
  },
  "8000L": {
    "weights": {
      "wto": 28641.923954154325,
      "wpl": 8000.0,
      "wf": 9499.301993651603,
      "we": 11367.28805987988
    },
    "velocities": {
      "loiter": 44.0,
      "cruise": 80.0
    },
    "performance": {
      "range": 1200.0,
      "endurance": 6.0,