{
  "2000L": {
    "weights": {
      "wto": 8536.12228853743,
      "wpl": 2000.0,
      "wf": 2800.7360583578925,
      "we": 3828.163587174499
    },
    "velocities": {
      "loiter": 44.0,
      "cruise": 80.0
    },
    "performance": {
      "range": 1200.0,
      "endurance": 6.0,
      "bankangle": 0.7853981633974483,
      "n_engines": 1,
      "steady": {
        "RC": 28.404760606512475,
        "Pr": 4333515.798592296,
        "Pa": 6711300.0
      },
      "turning": {
        "Pr": 4333515.798592296,
        "Pa": 6711300.0,
        "RC": 20.085198842845482
      },
      "loadfactor": 1.414213562373095,
      "engine": {
        "Model": "XT39-A-1",
        "Pa": 6711300.0,
        "Weight": 1678.2904
      }
    },
    "aerodynamics": {
      "CL_max": 2.1,
      "Cd0": 0.04,
      "oswald": 0.7,
      "CL_clean": 1.48492424049175
    },
    "wing": {
      "AR": 8.0,
      "area": 47.54069876777941,
      "chord": 2.4377422640575492,
      "span": 19.501938112460394
    }
  },
  "2500L": {
    "weights": {
      "wto": 8889.003758484114,
      "wpl": 2500.0,
      "wf": 2466.964995849124,
      "we": 4010.1764981145575
    },
    "velocities": {
      "loiter": 44.0,
      "cruise": 80.0
    },
    "performance": {
      "range": 1200.0,
      "endurance": 6.0,
      "bankangle": 0.7853981633974483,
      "n_engines": 1,
      "steady": {
        "RC": 33.77643719704558,
        "Pr": 4512662.4149778085,
        "Pa": 7457000.0
      },
      "turning": {
        "Pr": 4512662.4149778085,
        "Pa": 7457000.0,
        "RC": 23.883547786352477
      },
      "loadfactor": 1.414213562373095,
      "engine": {
        "Model": "XT37-NA-3",
        "Pa": 7457000.0,
        "Weight": 2721.552
      }
    },
    "aerodynamics": {
      "CL_max": 2.1,
      "Cd0": 0.04,
      "oswald": 0.7,
      "CL_clean": 1.48492424049175
    },
    "wing": {
      "AR": 8.0,
      "area": 49.506021088195816,
      "chord": 2.487619873699452,
      "span": 19.900958989595615
    }
  },
  "3000L": {
    "weights": {
      "wto": 10037.568257383107,
      "wpl": 3000.0,
      "wf": 2674.0028609287046,
      "we": 4470.607979129221
    },
    "velocities": {
      "loiter": 44.0,
      "cruise": 80.0
    },
    "performance": {
      "range": 1200.0,
      "endurance": 6.0,
      "bankangle": 0.7853981633974483,
      "n_engines": 1,
      "steady": {
        "RC": 34.593701409849714,
        "Pr": 5095751.812415886,
        "Pa": 8500980.0
      },
      "turning": {
        "Pr": 5095751.812415886,
        "Pa": 8500980.0,
        "RC": 24.461440853247367
      },
      "loadfactor": 1.414213562373095,
      "engine": {
        "Model": "D-136",
        "Pa": 8500980.0,
        "Weight": 1050.06548
      }
    },
    "aerodynamics": {
      "CL_max": 2.1,
      "Cd0": 0.04,
      "oswald": 0.7,
      "CL_clean": 1.48492424049175
    },
    "wing": {
      "AR": 8.0,
      "area": 55.90278498306712,
      "chord": 2.643453824617217,
      "span": 21.147630596937734
    }
  },
  "3500L": {
    "weights": {
      "wto": 11655.931143140479,
      "wpl": 3500.0,
      "wf": 3193.599319245421,
      "we": 5094.876525520901
    },
    "velocities": {
      "loiter": 44.0,
      "cruise": 80.0
    },
    "performance": {
      "range": 1200.0,
      "endurance": 6.0,
      "bankangle": 0.7853981633974483,
      "n_engines": 1,
      "steady": {
        "RC": 22.60288525971833,
        "Pr": 5917342.799075312,
        "Pa": 8500980.0
      },
      "turning": {
        "Pr": 5917342.799075312,
        "Pa": 8500980.0,
        "RC": 15.982653441528294
      },
      "loadfactor": 1.414213562373095,
      "engine": {
        "Model": "D-136",
        "Pa": 8500980.0,
        "Weight": 1050.06548
      }
    },
    "aerodynamics": {
      "CL_max": 2.1,
      "Cd0": 0.04,
      "oswald": 0.7,
      "CL_clean": 1.4849242404917502
    },
    "wing": {
      "AR": 8.0,
      "area": 64.91602306097754,
      "chord": 2.848596651444741,
      "span": 22.788773211557928
    }
  },
  "4000L": {
    "weights": {
      "wto": 15048.368282517082,
      "wpl": 4000.0,
      "wf": 4854.822996717949,
      "we": 6357.633499435877
    },
    "velocities": {
      "loiter": 44.0,
      "cruise": 80.0
    },
    "performance": {
      "range": 1200.0,
      "endurance": 6.0,
      "bankangle": 0.7853981633974483,
      "n_engines": 1,
      "steady": {
        "RC": 22.992228961544473,
        "Pr": 7639574.445048914,
        "Pa": 11032631.500000002
      },
      "turning": {
        "Pr": 7639574.445048914,
        "Pa": 11032631.500000002,
        "RC": 16.25796101330183
      },
      "loadfactor": 1.414213562373095,
      "engine": {
        "Model": "NK-12M",
        "Pa": 11032631.500000002,
        "Weight": 2350.060152
      }
    },
    "aerodynamics": {
      "CL_max": 2.1,
      "Cd0": 0.04,
      "oswald": 0.7,
      "CL_clean": 1.4849242404917502
    },
    "wing": {
      "AR": 8.0,
      "area": 83.80971116433341,
      "chord": 3.2366979926371995,
      "span": 25.893583941097596
    }
  },
  "4500L": {
    "weights": {
      "wto": 17046.28259217513,
      "wpl": 4500.0,
      "wf": 5615.397371012111,
      "we": 7107.691760129411
    },
    "velocities": {
      "loiter": 44.0,
      "cruise": 80.0
    },
    "performance": {
      "range": 1200.0,
      "endurance": 6.0,
      "bankangle": 0.7853981633974483,
      "n_engines": 1,
      "steady": {
        "RC": 14.229967678713512,
        "Pr": 8653851.5292424,
        "Pa": 11032631.500000002
      },
      "turning": {
        "Pr": 8653851.5292424,
        "Pa": 11032631.500000002,
        "RC": 10.06210664168372
      },
      "loadfactor": 1.414213562373095,
      "engine": {
        "Model": "NK-12M",
        "Pa": 11032631.500000002,
        "Weight": 2350.060152
      }
    },
    "aerodynamics": {
      "CL_max": 2.1,
      "Cd0": 0.04,
      "oswald": 0.7,
      "CL_clean": 1.48492424049175
    },
    "wing": {
      "AR": 8.0,
      "area": 94.93680601474742,
      "chord": 3.44486585396927,
      "span": 27.55892683175416
    }
  },
  "5000L": {
    "weights": {
      "wto": 17862.35601413455,
      "wpl": 5000.0,
      "wf": 5618.309057302959,
      "we": 7429.038616984825
    },
    "velocities": {
      "loiter": 44.0,
      "cruise": 80.0
    },
    "performance": {
      "range": 1200.0,
      "endurance": 6.0,
      "bankangle": 0.7853981633974483,
      "n_engines": 1,
      "steady": {
        "RC": 11.214746006370685,
        "Pr": 9068145.859540515,
        "Pa": 11032631.500000002
      },
      "turning": {
        "Pr": 9068145.859540515,
        "Pa": 11032631.500000002,
        "RC": 7.930022950389465
      },
      "loadfactor": 1.414213562373095,
      "engine": {
        "Model": "NK-12M",
        "Pa": 11032631.500000002,
        "Weight": 2350.060152
      }
    },
    "aerodynamics": {
      "CL_max": 2.1,
      "Cd0": 0.04,
      "oswald": 0.7,
      "CL_clean": 1.48492424049175
    },
    "wing": {
      "AR": 8.0,
      "area": 99.4818089346167,
      "chord": 3.5263615975715092,
      "span": 28.210892780572074
    }
  },
  "5500L": {
    "weights": {
      "wto": 19740.1272539615,
      "wpl": 5500.0,
      "wf": 6342.132532726939,
      "we": 8108.242427894857
    },
    "velocities": {
      "loiter": 44.0,
      "cruise": 80.0
    },
    "performance": {
      "range": 1200.0,
      "endurance": 6.0,
      "bankangle": 0.7853981633974483,
      "n_engines": 1,
      "steady": {
        "RC": 6.0,
        "Pr": 10021430.15642312,
        "Pa": 11182937.27003349
      },
      "turning": {
        "Pr": 10021430.15642312,
        "Pa": 11182937.27003349,
        "RC": 4.242640687119289
      },
      "loadfactor": 1.414213562373095,
      "engine": {
        "Model": null,
        "Pa": null,
        "Weight": null
      }
    },
    "aerodynamics": {
      "CL_max": 2.1,
      "Cd0": 0.04,
      "oswald": 0.7,
      "CL_clean": 1.4849242404917498
    },