{
  "3000L": {
    "weights": {
      "wto": 7561.934761641974,
      "wpl": 3000.0,
      "wf": 2578.9214377962085,
      "we": 2059.995904570278
    },
    "velocities": {
      "loiter": 44.0,
      "cruise": 80.0
    },
    "performance": {
      "range": 1200.0,
      "endurance": 6.0,
      "bankangle": 0.7853981633974483,
      "Pa": 2122000.0,
      "loadfactor": 1.414213562373095,
      "Pr": 408966.73666474945,
      "RC_max": 18.77039842022813,
      "RC_clean": 23.10001139991517
    },
    "aerodynamics": {
      "CL_max": 2.1,
      "Cd0": 0.04,
      "oswald": 0.7,
      "CL_clean": 1.48492424049175
    },
    "wing": {
      "span": 17,
      "area": 42.115102203674866,
      "chord": 2.4773589531573452,
      "AR": 6.862146471884438
    }
  },
  "3500L": {
    "weights": {
      "wto": 8539.368507228126,
      "wpl": 3500.0,
      "wf": 2820.2133705020656,
      "we": 2303.036659858068
    },
    "velocities": {
      "loiter": 44.0,
      "cruise": 80.0
    },
    "performance": {
      "range": 1200.0,
      "endurance": 6.0,
      "bankangle": 0.7853981633974483,
      "Pa": 2122000.0,
      "loadfactor": 1.414213562373095,
      "Pr": 508693.72949669056,
      "RC_max": 14.375814910057125,
      "RC_clean": 19.26506110069705
    },
    "aerodynamics": {
      "CL_max": 2.1,
      "Cd0": 0.04,
      "oswald": 0.7,
      "CL_clean": 1.48492424049175
    },
    "wing": {
      "span": 17,
      "area": 47.55877811337594,
      "chord": 2.7975751831397613,
      "AR": 6.076691022444887
    }
  },
  "4000L": {
    "weights": {
      "wto": 9159.956578255737,
      "wpl": 4000.0,
      "wf": 2821.005475602477,
      "we": 2444.8272560262785
    },
    "velocities": {
      "loiter": 44.0,
      "cruise": 80.0
    },
    "performance": {
      "range": 1200.0,
      "endurance": 6.0,
      "bankangle": 0.7853981633974483,
      "Pa": 2122000.0,
      "loadfactor": 1.414213562373095,
      "Pr": 577580.2712727604,
      "RC_max": 11.948417526402137,
      "RC_clean": 17.192983651959963
    },
    "aerodynamics": {
      "CL_max": 2.1,
      "Cd0": 0.04,
      "oswald": 0.7,
      "CL_clean": 1.4849242404917502
    },
    "wing": {
      "span": 17,
      "area": 51.015053638296514,
      "chord": 3.000885508135089,
      "AR": 5.66499453375171
    }
  },
  "4500L": {
    "weights": {
      "wto": 10654.617313707224,
      "wpl": 4500.0,
      "wf": 3462.7572355278066,
      "we": 2802.310442795612
    },
    "velocities": {
      "loiter": 44.0,
      "cruise": 80.0
    },
    "performance": {
      "range": 1200.0,
      "endurance": 6.0,
      "bankangle": 0.7853981633974483,
      "Pa": 2122000.0,
      "loadfactor": 1.414213562373095,
      "Pr": 761242.4010310546,
      "RC_max": 6.9229962374359495,
      "RC_clean": 13.023335749622971
    },
    "aerodynamics": {
      "CL_max": 2.1,
      "Cd0": 0.04,
      "oswald": 0.7,
      "CL_clean": 1.48492424049175
    },
    "wing": {
      "span": 17,
      "area": 59.339350477336026,
      "chord": 3.49055002807859,
      "AR": 4.870292608113063
    }
  },
  "5000L": {
    "weights": {
      "wto": 12064.359530005884,
      "wpl": 5000.0,
      "wf": 3975.6199519479305,
      "we": 3171.087554732879
    },
    "velocities": {
      "loiter": 44.0,
      "cruise": 80.0
    },
    "performance": {
      "range": 1200.0,
      "endurance": 6.0,
      "bankangle": 0.7853981633974483,
      "Pa": 2122000.0,
      "loadfactor": 1.414213562373095,
      "Pr": 957459.5494975919,
      "RC_max": 2.9355561567609083,
      "RC_clean": 9.843048651629061
    },
    "aerodynamics": {
      "CL_max": 2.1,
      "Cd0": 0.04,
      "oswald": 0.7,
      "CL_clean": 1.48492424049175
    },
    "wing": {
      "span": 17,
      "area": 67.19070590312145,
      "chord": 3.9523944648894975,
      "AR": 4.301190114250222
    }
  },
  "5500L": {
    "weights": {
      "wto": 13338.05301677937,
      "wpl": 5500.0,
      "wf": 4515.885253731939,
      "we": 3438.3076635651723
    },
    "velocities": {
      "loiter": 44.0,
      "cruise": 80.0
    },
    "performance": {
      "range": 1200.0,
      "endurance": 6.0,
      "bankangle": 0.7853981633974483,
      "Pa": 2122000.0,
      "loadfactor": 1.414213562373095,
      "Pr": 1153931.3395361674,
      "RC_max": -0.23570526911659917,
      "RC_clean": 7.401045018406708
    },
    "aerodynamics": {
      "CL_max": 2.1,
      "Cd0": 0.04,
      "oswald": 0.7,
      "CL_clean": 1.4849242404917502
    },
    "wing": {
      "span": 17,
      "area": 74.28435760238219,
      "chord": 4.369668094257776,
      "AR": 3.890455666950968
    }
  },
  "6000L": {
    "weights": {
      "wto": 15152.49023061317,
      "wpl": 6000.0,
      "wf": 5479.554685294494,
      "we": 3821.5545621559395
    },
    "velocities": {
      "loiter": 44.0,
      "cruise": 80.0
    },
    "performance": {
      "range": 1200.0,
      "endurance": 6.0,
      "bankangle": 0.7853981633974483,
      "Pa": 3182000.0,
      "loadfactor": 1.414213562373095,
      "Pr": 1465275.928691405,
      "RC_max": 2.8774146875128244,
      "RC_clean": 11.553027535936657
    },
    "aerodynamics": {
      "CL_max": 2.1,
      "Cd0": 0.04,
      "oswald": 0.7,
      "CL_clean": 1.4849242404917498
    },
    "wing": {
      "span": 17,
      "area": 84.38960329828251,
      "chord": 4.964094311663677,
      "AR": 3.4245924699812127
    }
  },
  "6500L": {
    "weights": {
      "wto": 16301.017265045739,
      "wpl": 6500.0,
      "wf": 5801.536611534465,
      "we": 4121.039530894943
    },
    "velocities": {
      "loiter": 44.0,
      "cruise": 80.0
    },
    "performance": {
      "range": 1200.0,
      "endurance": 6.0,
      "bankangle": 0.7853981633974483,
      "Pa": 3182000.0,
      "loadfactor": 1.414213562373095,
      "Pr": 1681462.5682453944,
      "RC_max": 0.053461715019902774,
      "RC_clean": 9.386667853063829
    },
    "aerodynamics": {
      "CL_max": 2.1,
      "Cd0": 0.04,
      "oswald": 0.7,
      "CL_clean": 1.48492424049175
    },
    "wing": {
      "span": 17,
      "area": 90.78615854022541,
      "chord": 5.340362267072083,
      "AR": 3.1833046429864114
    }
  },
  "7000L": {
    "weights": {
      "wto": 16226.623990005777,
      "wpl": 7000.0,
      "wf": 5355.176961294692,
      "we": 4057.022718494848
    },
    "velocities": {
      "loiter": 44.0,
      "cruise": 80.0
    },
    "performance": {
      "range": 1200.0,
      "endurance": 6.0,
      "bankangle": 0.7853981633974483,
      "Pa": 3182000.0,
      "loadfactor": 1.414213562373095,
      "Pr": 1667010.8893162915,
      "RC_max": 0.22990785377217102,
      "RC_clean": 9.52051985428819
    },
    "aerodynamics": {
      "CL_max": 2.1,
      "Cd0": 0.04,
      "oswald": 0.7,
      "CL_clean": 1.4849242404917498
    },
    "wing": {
      "span": 17,
      "area": 90.37183595211388,
      "chord": 5.315990350124346,
      "AR": 3.197898957736512
    }
  },
  "7500L": {
    "weights": {
      "wto": 17006.516273368503,
      "wpl": 7500.0,
      "wf": 5376.799458172364,
      "we": 4282.11973487306
    },
    "velocities": {
      "loiter": 44.0,
      "cruise": 80.0
    },
    "performance": {
      "range": 1200.0,
      "endurance": 6.0,
      "bankangle": 0.7853981633974483,
      "Pa": 3182000.0,
      "loadfactor": 1.414213562373095,
      "Pr": 1821602.552743591,
      "RC_max": -1.58015506833003,
      "RC_clean": 8.156987067559946
    },
    "aerodynamics": {
      "CL_max": 2.1,
      "Cd0": 0.04,
      "oswald": 0.7,
      "CL_clean": 1.4849242404917498
    },
    "wing": {
      "span": 17,
      "area": 94.71533325234009,
      "chord": 5.571490191314123,
      "AR": 3.051248304538482
    }
  },
  "8000L": {
    "weights": {
      "wto": 18853.836188315105,
      "wpl": 8000.0,
      "wf": 6425.926359118884,
      "we": 4636.3601067666405
    },
    "velocities": {
      "loiter": 44.0,
      "cruise": 80.0
    },
    "performance": {
      "range": 1200.0,
      "endurance": 6.0,