{
  "2000L": {
    "weights": {
      "wto": 6072.390552455141,
      "wpl": 2000.0,
      "wf": 2211.84331473085,
      "we": 1804.887485854387
    },
    "velocities": {
      "loiter": 44.0,
      "cruise": 80.0
    },
    "performance": {
      "range": 1200.0,
      "endurance": 6.0,
      "bankangle": 0.7853981633974483,
      "n_engines": 2,
      "steady": {
        "RC": 7.666122276920866,
        "Pr": 512893.88408581907,
        "Pa": 969410.0000000001
      },
      "turning": {
        "Pr": 512893.88408581907,
        "Pa": 969410.0000000001,
        "RC": 5.4207670474160015
      },
      "loadfactor": 1.414213562373095,
      "engine": {
        "Model": "250-C30G",
        "Pa": 484705.00000000006,
        "Weight": 117.026736,
        "SFC": 0.36010021360234556,
        "Size": [
          1.09728,
          0.6476999999999999
        ]
      }
    },
    "aerodynamics": {
      "CL_max": 2.1,
      "Cd0": 0.04,
      "oswald": 0.7,
      "CL_clean": 1.4849242404917502
    },
    "wing": {
      "AR": 8.0,
      "area": 33.81930111781969,
      "chord": 2.0560672750976465,
      "span": 16.448538200781172
    }
  },
  "2500L": {
    "weights": {
      "wto": 6310.006407285336,
      "wpl": 2500.0,
      "wf": 1860.0384437120142,
      "we": 1890.1877884856417
    },
    "velocities": {
      "loiter": 44.0,
      "cruise": 80.0
    },
    "performance": {
      "range": 1200.0,
      "endurance": 6.0,
      "bankangle": 0.7853981633974483,
      "n_engines": 2,
      "steady": {
        "RC": 7.053104965422333,
        "Pr": 532963.6931093766,
        "Pa": 969410.0000000001
      },
      "turning": {
        "Pr": 532963.6931093766,
        "Pa": 969410.0000000001,
        "RC": 4.987298349470642
      },
      "loadfactor": 1.414213562373095,
      "engine": {
        "Model": "250-C30",
        "Pa": 484705.00000000006,
        "Weight": 108.86207999999999,
        "SFC": 0.36010021360234556,
        "Size": [
          1.0413999999999999,
          0.63754
        ]
      }
    },
    "aerodynamics": {
      "CL_max": 2.1,
      "Cd0": 0.04,
      "oswald": 0.7,
      "CL_clean": 1.48492424049175
    },
    "wing": {
      "AR": 8.0,
      "area": 35.14266826218451,
      "chord": 2.0959087606031575,
      "span": 16.76727008482526
    }
  },
  "3000L": {
    "weights": {
      "wto": 6791.479687534358,
      "wpl": 3000.0,
      "wf": 1980.815625206159,
      "we": 1883.3351678774031
    },
    "velocities": {
      "loiter": 44.0,
      "cruise": 80.0
    },
    "performance": {
      "range": 1200.0,
      "endurance": 6.0,
      "bankangle": 0.7853981633974483,
      "n_engines": 2,
      "steady": {
        "RC": 7.398020917430451,
        "Pr": 573630.4945374598,
        "Pa": 1066351.0
      },
      "turning": {
        "Pr": 573630.4945374598,
        "Pa": 1066351.0,
        "RC": 5.231190758074996
      },
      "loadfactor": 1.414213562373095,
      "engine": {
        "Model": "250-C40B",
        "Pa": 533175.5,
        "Weight": 127.00576,
        "SFC": 0.346718111069826,
        "Size": [
          1.0413999999999999,
          0.63754
        ]
      }
    },
    "aerodynamics": {
      "CL_max": 2.1,
      "Cd0": 0.04,
      "oswald": 0.7,
      "CL_clean": 1.4849242404917502
    },
    "wing": {
      "AR": 8.0,
      "area": 37.82416407578013,
      "chord": 2.174401184113115,
      "span": 17.39520947290492
    }
  },
  "3500L": {
    "weights": {
      "wto": 8536.20193877615,
      "wpl": 3500.0,
      "wf": 2801.213959790219,
      "we": 2310.953080988004
    },
    "velocities": {
      "loiter": 44.0,
      "cruise": 80.0
    },
    "performance": {
      "range": 1200.0,
      "endurance": 6.0,
      "bankangle": 0.7853981633974483,
      "n_engines": 2,
      "steady": {
        "RC": 8.918031363337684,
        "Pr": 720995.4185093798,
        "Pa": 1467537.6
      },
      "turning": {
        "Pr": 720995.4185093798,
        "Pa": 1467537.6,
        "RC": 6.306000451850388
      },
      "loadfactor": 1.414213562373095,
      "engine": {
        "Model": "TPE331-10N-533S",
        "Pa": 733768.8,
        "Weight": 172.36496,
        "SFC": 0.33455256331299,
        "Size": [
          1.1683999999999999,
          0.6604
        ]
      }
    },
    "aerodynamics": {
      "CL_max": 2.1,
      "Cd0": 0.04,
      "oswald": 0.7,
      "CL_clean": 1.48492424049175
    },
    "wing": {
      "AR": 8.0,
      "area": 47.54114236826659,
      "chord": 2.437753637272094,
      "span": 19.502029098176752
    }
  },
  "4000L": {
    "weights": {
      "wto": 10194.326784947121,
      "wpl": 4000.0,
      "wf": 3614.5540263127837,
      "we": 2683.2352612472528
    },
    "velocities": {
      "loiter": 44.0,
      "cruise": 80.0
    },
    "performance": {
      "range": 1200.0,
      "endurance": 6.0,
      "bankangle": 0.7853981633974483,
      "n_engines": 2,
      "steady": {
        "RC": 8.55793311738581,
        "Pr": 861046.0435977129,
        "Pa": 1716601.4
      },
      "turning": {
        "Pr": 861046.0435977129,
        "Pa": 1716601.4,
        "RC": 6.051372540244437
      },
      "loadfactor": 1.414213562373095,
      "engine": {
        "Model": "TPE331-12",
        "Pa": 858300.7,
        "Weight": 181.4368,
        "SFC": 0.3175207964534196,
        "Size": [
          1.1683999999999999,
          0.6604
        ]
      }
    },
    "aerodynamics": {
      "CL_max": 2.1,
      "Cd0": 0.04,
      "oswald": 0.7,
      "CL_clean": 1.4849242404917502
    },
    "wing": {
      "AR": 8.0,
      "area": 56.77582893514462,
      "chord": 2.664015506128498,
      "span": 21.312124049027982
    }
  },
  "4500L": {
    "weights": {
      "wto": 11860.572866544928,
      "wpl": 4500.0,
      "wf": 4421.449659672115,
      "we": 3060.6881920399805
    },
    "velocities": {
      "loiter": 44.0,
      "cruise": 80.0
    },
    "performance": {
      "range": 1200.0,
      "endurance": 6.0,
      "bankangle": 0.7853981633974483,
      "n_engines": 2,
      "steady": {
        "RC": 10.620677265396182,
        "Pr": 1001782.6146813937,
        "Pa": 2237100.0
      },
      "turning": {
        "Pr": 1001782.6146813937,
        "Pa": 2237100.0,
        "RC": 7.509952915155439
      },
      "loadfactor": 1.414213562373095,
      "engine": {
        "Model": "T5317A",
        "Pa": 1118550.0,
        "Weight": 255.825888,
        "SFC": 0.35888365882666196,
        "Size": [
          1.20904,
          0.5841999999999999
        ]
      }
    },
    "aerodynamics": {
      "CL_max": 2.1,
      "Cd0": 0.04,
      "oswald": 0.7,
      "CL_clean": 1.48492424049175
    },
    "wing": {
      "AR": 8.0,
      "area": 66.05574554840656,
      "chord": 2.8734940740413615,
      "span": 22.987952592330892
    }
  },
  "5000L": {
    "weights": {
      "wto": 11444.0917277169,
      "wpl": 5000.0,
      "wf": 3550.4161813282703,
      "we": 3003.1518888551573
    },
    "velocities": {
      "loiter": 44.0,
      "cruise": 80.0
    },
    "performance": {
      "range": 1200.0,
      "endurance": 6.0,
      "bankangle": 0.7853981633974483,
      "n_engines": 2,
      "steady": {
        "RC": 6.682777808859638,
        "Pr": 966605.261199802,
        "Pa": 1716601.4
      },
      "turning": {
        "Pr": 966605.261199802,
        "Pa": 1716601.4,
        "RC": 4.725437505807627
      },
      "loadfactor": 1.414213562373095,
      "engine": {
        "Model": "TPE331-12",
        "Pa": 858300.7,
        "Weight": 181.4368,
        "SFC": 0.3175207964534196,
        "Size": [
          1.1683999999999999,
          0.6604
        ]
      }
    },
    "aerodynamics": {
      "CL_max": 2.1,
      "Cd0": 0.04,
      "oswald": 0.7,
      "CL_clean": 1.4849242404917502
    },
    "wing": {
      "AR": 8.0,
      "area": 63.73621406862999,
      "chord": 2.822592205505207,
      "span": 22.580737644041655
    }
  },
  "5500L": {
    "weights": {
      "wto": 12640.81722030203,
      "wpl": 5500.0,