{
  "2000L": {
    "weights": {
      "wto": 6072.390552455141,
      "wpl": 2000.0,
      "wf": 2211.84331473085,
      "we": 1804.887485854387
    },
    "velocities": {
      "loiter": 44.0,
      "cruise": 80.0
    },
    "performance": {
      "range": 1200.0,
      "endurance": 6.0,
      "bankangle": 0.7853981633974483,
      "n_engines": 2,
      "steady": {
        "RC": 6.188492008133167,
        "Pr": 512893.88408581907,
        "Pa": 881417.4
      },
      "turning": {
        "Pr": 512893.88408581907,
        "Pa": 881417.4,
        "RC": 4.375924664269718
      },
      "loadfactor": 1.414213562373095,
      "engine": {
        "Model": "Astazou III",
        "Pa": 440708.7,
        "Weight": 146.963808,
        "SFC": 0.3911223603822774,
        "Size": [
          1.4300199999999998,
          0.4572
        ]
      }
    },
    "aerodynamics": {
      "CL_max": 2.1,
      "Cd0": 0.04,
      "oswald": 0.7,
      "CL_clean": 1.4849242404917502
    },
    "wing": {
      "AR": 8.0,
      "area": 33.81930111781969,
      "chord": 2.0560672750976465,
      "span": 16.448538200781172
    }
  },
  "2500L": {
    "weights": {
      "wto": 6310.006407285336,
      "wpl": 2500.0,
      "wf": 1860.0384437120142,
      "we": 1890.1877884856417
    },
    "velocities": {
      "loiter": 44.0,
      "cruise": 80.0
    },
    "performance": {
      "range": 1200.0,
      "endurance": 6.0,
      "bankangle": 0.7853981633974483,
      "n_engines": 2,
      "steady": {
        "RC": 6.209553260945782,
        "Pr": 532963.6931093766,
        "Pa": 917211.0
      },
      "turning": {
        "Pr": 532963.6931093766,
        "Pa": 917211.0,
        "RC": 4.390817218953802
      },
      "loadfactor": 1.414213562373095,
      "engine": {
        "Model": "LTS 101-600A-2",
        "Pa": 458605.5,
        "Weight": 114.758776,
        "SFC": 0.3473263884576678,
        "Size": [
          0.7848599999999999,
          0.5689599999999999
        ]
      }
    },
    "aerodynamics": {
      "CL_max": 2.1,
      "Cd0": 0.04,
      "oswald": 0.7,
      "CL_clean": 1.48492424049175
    },
    "wing": {
      "AR": 8.0,
      "area": 35.14266826218451,
      "chord": 2.0959087606031575,
      "span": 16.76727008482526
    }
  },
  "3000L": {
    "weights": {
      "wto": 6791.479687534358,
      "wpl": 3000.0,
      "wf": 1980.815625206159,
      "we": 1883.3351678774031
    },
    "velocities": {
      "loiter": 44.0,
      "cruise": 80.0
    },
    "performance": {
      "range": 1200.0,
      "endurance": 6.0,
      "bankangle": 0.7853981633974483,
      "n_engines": 2,
      "steady": {
        "RC": 6.502307564815002,
        "Pr": 573630.4945374598,
        "Pa": 1006695.0
      },
      "turning": {
        "Pr": 573630.4945374598,
        "Pa": 1006695.0,
        "RC": 4.597825772441275
      },
      "loadfactor": 1.414213562373095,
      "engine": {
        "Model": "LTS 101-650C-3A",
        "Pa": 503347.5,
        "Weight": 109.31567199999999,
        "SFC": 0.3479346658455095,
        "Size": [
          0.79502,
          0.57404
        ]
      }
    },
    "aerodynamics": {
      "CL_max": 2.1,
      "Cd0": 0.04,
      "oswald": 0.7,
      "CL_clean": 1.4849242404917502
    },
    "wing": {
      "AR": 8.0,
      "area": 37.82416407578013,
      "chord": 2.174401184113115,
      "span": 17.39520947290492
    }
  },
  "3500L": {
    "weights": {
      "wto": 8536.20193877615,
      "wpl": 3500.0,
      "wf": 2801.213959790219,
      "we": 2310.953080988004
    },
    "velocities": {
      "loiter": 44.0,
      "cruise": 80.0
    },
    "performance": {
      "range": 1200.0,
      "endurance": 6.0,
      "bankangle": 0.7853981633974483,
      "n_engines": 2,
      "steady": {
        "RC": 6.085296634474435,
        "Pr": 720995.4185093798,
        "Pa": 1230405.0
      },
      "turning": {
        "Pr": 720995.4185093798,
        "Pa": 1230405.0,
        "RC": 4.3029545157685485
      },
      "loadfactor": 1.414213562373095,
      "engine": {
        "Model": "Gem 2 Mk.1004D",
        "Pa": 615202.5,
        "Weight": 163.29312,
        "SFC": 0.316304241677736,
        "Size": [
          NaN,
          NaN
        ]
      }
    },
    "aerodynamics": {
      "CL_max": 2.1,
      "Cd0": 0.04,
      "oswald": 0.7,
      "CL_clean": 1.48492424049175
    },
    "wing": {
      "AR": 8.0,
      "area": 47.54114236826659,
      "chord": 2.437753637272094,
      "span": 19.502029098176752
    }
  },
  "4000L": {
    "weights": {
      "wto": 10194.326784947121,
      "wpl": 4000.0,
      "wf": 3614.5540263127837,
      "we": 2683.2352612472528
    },
    "velocities": {
      "loiter": 44.0,
      "cruise": 80.0
    },
    "performance": {
      "range": 1200.0,
      "endurance": 6.0,
      "bankangle": 0.7853981633974483,
      "n_engines": 2,
      "steady": {
        "RC": 6.021847952961301,
        "Pr": 861046.0435977129,
        "Pa": 1463063.4
      },
      "turning": {
        "Pr": 861046.0435977129,
        "Pa": 1463063.4,
        "RC": 4.2580895228132665
      },
      "loadfactor": 1.414213562373095,
      "engine": {
        "Model": "PT6B-36",
        "Pa": 731531.7,
        "Weight": 168.736224,
        "SFC": 0.3613167683780292,
        "Size": [
          1.50368,
          0.49529999999999996
        ]
      }
    },
    "aerodynamics": {
      "CL_max": 2.1,
      "Cd0": 0.04,
      "oswald": 0.7,
      "CL_clean": 1.4849242404917502
    },
    "wing": {
      "AR": 8.0,
      "area": 56.77582893514462,
      "chord": 2.664015506128498,
      "span": 21.312124049027982
    }
  },
  "4500L": {
    "weights": {
      "wto": 11860.572866544928,
      "wpl": 4500.0,
      "wf": 4421.449659672115,
      "we": 3060.6881920399805
    },
    "velocities": {
      "loiter": 44.0,
      "cruise": 80.0
    },
    "performance": {
      "range": 1200.0,
      "endurance": 6.0,
      "bankangle": 0.7853981633974483,
      "n_engines": 2,
      "steady": {
        "RC": 6.132853009337241,
        "Pr": 1001782.6146813937,
        "Pa": 1715110.0000000002
      },
      "turning": {
        "Pr": 1001782.6146813937,
        "Pa": 1715110.0000000002,
        "RC": 4.336581950922689
      },
      "loadfactor": 1.414213562373095,
      "engine": {
        "Model": "PT6A-62",
        "Pa": 857555.0000000001,
        "Weight": 205.930768,
        "SFC": 0.34489327890630056,
        "Size": [
          1.778,
          0.4826
        ]
      }
    },
    "aerodynamics": {
      "CL_max": 2.1,
      "Cd0": 0.04,
      "oswald": 0.7,
      "CL_clean": 1.48492424049175
    },
    "wing": {
      "AR": 8.0,
      "area": 66.05574554840656,
      "chord": 2.8734940740413615,
      "span": 22.987952592330892
    }
  },
  "5000L": {
    "weights": {
      "wto": 11444.0917277169,
      "wpl": 5000.0,
      "wf": 3550.4161813282703,
      "we": 3003.1518888551573
    },
    "velocities": {
      "loiter": 44.0,
      "cruise": 80.0
    },
    "performance": {
      "range": 1200.0,
      "endurance": 6.0,
      "bankangle": 0.7853981633974483,
      "n_engines": 2,
      "steady": {
        "RC": 6.005039071639006,
        "Pr": 966605.261199802,
        "Pa": 1640540.0
      },
      "turning": {
        "Pr": 966605.261199802,
        "Pa": 1640540.0,
        "RC": 4.246203848846111
      },
      "loadfactor": 1.414213562373095,
      "engine": {
        "Model": "T5311A",
        "Pa": 820270.0,
        "Weight": 224.981632,
        "SFC": 0.413628623732424,
        "Size": [
          1.20904,
          0.5841999999999999
        ]
      }
    },
    "aerodynamics": {
      "CL_max": 2.1,
      "Cd0": 0.04,
      "oswald": 0.7,
      "CL_clean": 1.4849242404917502
    },
    "wing": {
      "AR": 8.0,
      "area": 63.73621406862999,
      "chord": 2.822592205505207,
      "span": 22.580737644041655
    }
  },
  "5500L": {
    "weights": {
      "wto": 12640.81722030203,
      "wpl": 5500.0,
      "wf": 3971.082646552891,