{
  "2000L": {
    "weights": {
      "wto": 5594.856186252385,
      "wpl": 2000.0,
      "wf": 1849.6921565768123,
      "we": 1689.6612434299254
    },
    "velocities": {
      "loiter": 44.0,
      "cruise": 80.0
    },
    "performance": {
      "range": 1200.0,
      "endurance": 6.0,
      "bankangle": 0.7853981633974483,
      "n_engines": 2,
      "steady": {
        "RC": 9.392215337373182,
        "Pr": 2840329.2331617633,
        "Pa": 3355650.0
      },
      "turning": {
        "Pr": 2840329.2331617633,
        "Pa": 3355650.0,
        "RC": 6.6412991554208745
      },
      "loadfactor": 1.414213562373095,
      "engine": {
        "Model": "LTC 4B-8D",
        "Pa": 1677825.0,
        "Weight": 274.42316
      }
    },
    "aerodynamics": {
      "CL_max": 2.1,
      "Cd0": 0.04,
      "oswald": 0.7,
      "CL_clean": 1.48492424049175
    },
    "wing": {
      "AR": 8.0,
      "area": 31.159742516440105,
      "chord": 1.973567281486753,
      "span": 15.788538251894025
    }
  },
  "2500L": {
    "weights": {
      "wto": 6336.072506712894,
      "wpl": 2500.0,
      "wf": 2016.4350402773644,
      "we": 1825.022539916746
    },
    "velocities": {
      "loiter": 44.0,
      "cruise": 80.0
    },
    "performance": {
      "range": 1200.0,
      "endurance": 6.0,
      "bankangle": 0.7853981633974483,
      "n_engines": 2,
      "steady": {
        "RC": 18.559089236526848,
        "Pr": 3216621.011362192,
        "Pa": 4369802.000000001
      },
      "turning": {
        "Pr": 3216621.011362192,
        "Pa": 4369802.000000001,
        "RC": 13.123257851794401
      },
      "loadfactor": 1.414213562373095,
      "engine": {
        "Model": "T5508D",
        "Pa": 2184901.0000000005,
        "Weight": 274.42316
      }
    },
    "aerodynamics": {
      "CL_max": 2.1,
      "Cd0": 0.04,
      "oswald": 0.7,
      "CL_clean": 1.4849242404917502
    },
    "wing": {
      "AR": 8.0,
      "area": 35.28783963380375,
      "chord": 2.1002333094743233,
      "span": 16.801866475794586
    }
  },
  "3000L": {
    "weights": {
      "wto": 6969.894342775432,
      "wpl": 3000.0,
      "wf": 2082.10199415261,
      "we": 1943.7758122991904
    },
    "velocities": {
      "loiter": 44.0,
      "cruise": 80.0
    },
    "performance": {
      "range": 1200.0,
      "endurance": 6.0,
      "bankangle": 0.7853981633974483,
      "n_engines": 2,
      "steady": {
        "RC": 12.163774130752968,
        "Pr": 3538392.050626485,
        "Pa": 4369802.000000001
      },
      "turning": {
        "Pr": 3538392.050626485,
        "Pa": 4369802.000000001,
        "RC": 8.601087172676927
      },
      "loadfactor": 1.414213562373095,
      "engine": {
        "Model": "T5508D",
        "Pa": 2184901.0000000005,
        "Weight": 274.42316
      }
    },
    "aerodynamics": {
      "CL_max": 2.1,
      "Cd0": 0.04,
      "oswald": 0.7,
      "CL_clean": 1.4849242404917502
    },
    "wing": {
      "AR": 8.0,
      "area": 38.81781869949176,
      "chord": 2.2027771874242004,
      "span": 17.622217499393603
    }
  },
  "3500L": {
    "weights": {
      "wto": 8771.525217595332,
      "wpl": 3500.0,
      "wf": 3002.753690883645,
      "we": 2354.5407910457966
    },
    "velocities": {
      "loiter": 44.0,
      "cruise": 80.0
    },
    "performance": {
      "range": 1200.0,
      "endurance": 6.0,
      "bankangle": 0.7853981633974483,
      "n_engines": 2,
      "steady": {
        "RC": 27.813575494226207,
        "Pr": 4453022.323642572,
        "Pa": 6845526.0
      },
      "turning": {
        "Pr": 4453022.323642572,
        "Pa": 6845526.0,
        "RC": 19.667167841011334
      },
      "loadfactor": 1.414213562373095,
      "engine": {
        "Model": "501-D22A",
        "Pa": 3422763.0,
        "Weight": 831.887728
      }
    },
    "aerodynamics": {
      "CL_max": 2.1,
      "Cd0": 0.04,
      "oswald": 0.7,
      "CL_clean": 1.48492424049175
    },
    "wing": {
      "AR": 8.0,
      "area": 48.851741342043205,
      "chord": 2.4711268012296337,
      "span": 19.76901440983707
    }
  },
  "4000L": {
    "weights": {
      "wto": 9912.747904443857,
      "wpl": 4000.0,
      "wf": 3328.7735892290475,
      "we": 2654.8507716779736
    },
    "velocities": {
      "loiter": 44.0,
      "cruise": 80.0
    },
    "performance": {
      "range": 1200.0,
      "endurance": 6.0,
      "bankangle": 0.7853981633974483,
      "n_engines": 2,
      "steady": {
        "RC": 18.651637095071518,
        "Pr": 5032384.518325633,
        "Pa": 6845526.0
      },
      "turning": {
        "Pr": 5032384.518325633,
        "Pa": 6845526.0,
        "RC": 13.18869907015563
      },
      "loadfactor": 1.414213562373095,
      "engine": {
        "Model": "501-D22A",
        "Pa": 3422763.0,
        "Weight": 831.887728
      }
    },
    "aerodynamics": {
      "CL_max": 2.1,
      "Cd0": 0.04,
      "oswald": 0.7,
      "CL_clean": 1.48492424049175
    },
    "wing": {
      "AR": 8.0,
      "area": 55.207616076321116,
      "chord": 2.6269663129815997,
      "span": 21.015730503852797
    }
  },
  "4500L": {
    "weights": {
      "wto": 11242.232277719944,
      "wpl": 4500.0,
      "wf": 3927.409095614171,
      "we": 2929.6749005554398
    },
    "velocities": {
      "loiter": 44.0,
      "cruise": 80.0
    },
    "performance": {
      "range": 1200.0,
      "endurance": 6.0,
      "bankangle": 0.7853981633974483,
      "n_engines": 2,
      "steady": {
        "RC": 10.323981227610943,
        "Pr": 5707321.139525405,
        "Pa": 6845526.0
      },
      "turning": {
        "Pr": 5707321.139525405,
        "Pa": 6845526.0,
        "RC": 7.300157134886315
      },
      "loadfactor": 1.414213562373095,
      "engine": {
        "Model": "501-D22A",
        "Pa": 3422763.0,
        "Weight": 831.887728
      }
    },
    "aerodynamics": {
      "CL_max": 2.1,
      "Cd0": 0.04,
      "oswald": 0.7,
      "CL_clean": 1.4849242404917498
    },
    "wing": {
      "AR": 8.0,
      "area": 62.611987050628926,
      "chord": 2.7975879577465683,
      "span": 22.380703661972547
    }
  },
  "5000L": {
    "weights": {
      "wto": 11747.784250330353,
      "wpl": 5000.0,
      "wf": 3744.7179623846687,
      "we": 3092.659732576417
    },
    "velocities": {
      "loiter": 44.0,
      "cruise": 80.0
    },
    "performance": {
      "range": 1200.0,
      "endurance": 6.0,
      "bankangle": 0.7853981633974483,
      "n_engines": 2,
      "steady": {
        "RC": 7.651938233048107,
        "Pr": 5963973.678730308,
        "Pa": 6845526.0
      },
      "turning": {
        "Pr": 5963973.678730308,
        "Pa": 6845526.0,
        "RC": 5.410737413808925
      },
      "loadfactor": 1.414213562373095,
      "engine": {
        "Model": "501-D22A",
        "Pa": 3422763.0,
        "Weight": 831.887728
      }
    },
    "aerodynamics": {
      "CL_max": 2.1,
      "Cd0": 0.04,
      "oswald": 0.7,
      "CL_clean": 1.4849242404917498
    },
    "wing": {
      "AR": 8.0,
      "area": 65.42758565956663,
      "chord": 2.859798630576256,
      "span": 22.87838904461005
    }
  },
  "5500L": {
    "weights": {
      "wto": 13328.779113571112,
      "wpl": 5500.0,
      "wf": 4460.241834482397,
      "we": 3461.4924215858146
    },
    "velocities": {
      "loiter": 44.0,
      "cruise": 80.0
    },
    "performance": {
      "range": 1200.0,
      "endurance": 6.0,
      "bankangle": 0.7853981633974483,
      "n_engines": 2,
      "steady": {
        "RC": 6.365883302641568,
        "Pr": 6766594.117585451,
        "Pa": 7598683.0
      },
      "turning": {
        "Pr": 6766594.117585451,
        "Pa": 7598683.0,
        "RC": 4.501359251540069
      },
      "loadfactor": 1.414213562373095,
      "engine": {
        "Model": "Tyne RTy.12 Mk.515/10",
        "Pa": 3799341.5,
        "Weight": 1006.5206479999999
      }
    },
    "aerodynamics": {
      "CL_max": 2.1,
      "Cd0": 0.04,
      "oswald": 0.7,